sheet,row,values,content_cells,status,status_raw,status_basis,status_source
モジュール定義,1,"{""A1"": ""Module_ID"", ""B1"": ""モジュール名"", ""C1"": ""機能ドメイン"", ""D1"": ""コンポーネント種別"", ""E1"": ""実装場所"", ""F1"": ""現状の実装/アルゴリズム"", ""G1"": ""進捗"", ""H1"": ""使用モード"", ""I1"": ""責務"", ""J1"": ""主入力（要約）"", ""K1"": ""主出力（要約）"", ""L1"": ""保持する状態"", ""M1"": ""主要設定・パラメータ"", ""N1"": ""依存してよいもの"", ""O1"": ""非責務・やらないこと"", ""P1"": ""異常時の振る舞い"", ""Q1"": ""Safety判断責務"", ""R1"": ""Safety執行責務"", ""S1"": ""交換可能性・差替条件"", ""T1"": ""起動・停止条件"", ""U1"": ""定義Status"", ""V1"": ""備考""}",22,未決,,確定の明示なし,[]
モジュール定義,2,"{""A2"": ""M-001"", ""B2"": ""gouda.sh"", ""C2"": ""system"", ""D2"": ""launcher"", ""E2"": ""PC"", ""F2"": """", ""G2"": ""他のNodeの実装待ち"", ""H2"": ""全モード"", ""I2"": ""PC側システムの起動シェルスクリプト"", ""J2"": ""使用モード、実行プロファイル、robot_namespace、設定ファイル、地図・経路の参照"", ""K2"": ""選択構成の起動・終了、起動結果。走行開始要求は発行しない"", ""L2"": ""起動したプロセスと終了結果"", ""M2"": ""mapping／map_edit／autonomous／manual。実機・replay・stubは別の実行プロファイル"", ""N2"": ""launch、設定ファイル、必要な実行パッケージ"", ""O2"": ""経路進行、速度生成、モードの実車反映確認"", ""P2"": ""起動失敗を表示。自律開始不可。起動できた範囲を観察可能にする"", ""Q2"": ""no"", ""R2"": ""no"", ""S2"": ""モジュール差替可"", ""T2"": ""モード選択後に起動。終了時は走行中断を要求し、停止状態確認後に制御系を終了"", ""U2"": ""草案"", ""V2"": ""今回範囲の設計案。利用者が確定した動作と未確定値は「基本仕様」「未決事項」を参照。実装は未着手。 差替条件：センサ・推定器・bridgeはlaunch/remapで交換""}",22,未決,草案,原文の未決・草案表記,"[""モジュール定義!U2""]"
モジュール定義,3,"{""A3"": ""M-002"", ""B3"": ""gouda_monitor"", ""C3"": ""system"", ""D3"": ""hmi"", ""E3"": ""PC"", ""F3"": """", ""G3"": ""他のNodeの実装待ち"", ""H3"": ""全モード"", ""I3"": ""人間の地図・経路選択、初期位置指定、PC側Auto/Manual、開始・一時停止・再開・再試行・中断操作と状態表示"", ""J3"": ""mission状態、PCのsystem状態、地図、推定姿勢・速度、人間の操作。ESP32状態通知は必須にしない"", ""K3"": ""task/mission_control要求、localization/initial_pose。受付結果と状態の画面表示"", ""L3"": ""表示中run_id・state_revision、送信request_id、選択地図・経路。進行の正本は保持しない"", ""M3"": ""接続先は相対名をremap。表示更新周期は未確定"", ""N3"": ""公開ROS interfaceのみ。実機未接続でも表示・操作試験可能"", ""O3"": ""目標順序の進行、経路生成、ジョイスティック指令、実車Autoの断定"", ""P3"": ""古い状態は時刻付きで不明表示。二重クリックは同じrequest_idで重複排除。通信断を成功と表示しない"", ""Q3"": ""no"", ""R3"": ""no"", ""S3"": ""モジュール差替可"", ""T3"": ""任意起動。停止・再起動してもmissionを初期化しない"", ""U3"": ""草案"", ""V3"": ""AutoはPC側設定。P介入・非常停止・電池残量は観測できないため推測表示しない。 差替条件：CLI試験クライアントと交換可""}",22,未決,草案,原文の未決・草案表記,"[""モジュール定義!U3""]"
モジュール定義,4,"{""A4"": ""M-003"", ""B4"": ""gouda_system_status"", ""C4"": ""system"", ""D4"": ""aggregator"", ""E4"": ""PC"", ""H4"": ""全モード"", ""I4"": ""PC側の状態を表示用に集約する。走行許可の正本はSafety supervisor"", ""J4"": ""mission状態、PC診断、記録状態、local_odometryの推定速度"", ""K4"": ""system/status（時刻、設定モード、mission要約、診断、記録状態、未取得項目）"", ""L4"": ""各情報の最終観測時刻と鮮度"", ""M4"": ""表示上のstale閾値は未確定"", ""N4"": ""公開状態topic。loggerの存在を必須にしない"", ""O4"": ""走行許可、モード遷移、ESP32状態の推測"", ""P4"": ""未受信・期限切れを正常値と区別"", ""Q4"": ""no"", ""R4"": ""no"", ""S4"": ""モジュール差替可"", ""T4"": ""全モード。未接続の機能は対象外または不明とする"", ""U4"": ""草案"", ""V4"": ""バッテリと非常停止状態は現状取得不可。旧J列のバッテリ入力を削除。 差替条件：表示系とともに差替可""}",20,未決,草案,原文の未決・草案表記,"[""モジュール定義!U4""]"
モジュール定義,5,"{""A5"": ""M-004"", ""B5"": ""localization_and_slam_for_mapping"", ""C5"": ""mapping"", ""D5"": ""processor"", ""E5"": ""PC"", ""F5"": ""GLIM"", ""H5"": ""事前地図作成"", ""I5"": ""事前地図作成時に、局所座標系における連続的な自己運動・自己位置を推定しつつ、3D地図を作成する。"", ""J5"": ""XT-32の時刻付き点群、IMU、各センサの外部パラメータ、計測開始・終了操作"", ""K5"": ""局所姿勢・軌跡、3D元地図、保存結果と計測セッション情報"", ""L5"": ""局所推定状態、地図、計測セッション"", ""M5"": ""GLIM設定、時刻同期、外部パラメータ、保存先。値・版は未確定"", ""N5"": ""センサ、TF、記録先。Navigation・ESP32通知には依存しない"", ""O5"": ""本走行の目標管理、走行用map→odomの提供"", ""P5"": ""観測欠落・推定破綻・保存失敗を記録し未完成成果物を区別"", ""Q5"": ""no"", ""R5"": ""no"", ""S5"": ""モジュール差替可"", ""T5"": ""事前地図作成だけで起動。本走行のlocal_odometryとTFの発行権を重複させない"", ""U5"": ""草案"", ""V5"": ""GLIM固有の保存形式は方式確定時に固定。Nav2地図と同一形式とはしない。 差替条件：元地図・軌跡・座標系契約を満たすSLAMと交換""}",21,未決,草案,原文の未決・草案表記,"[""モジュール定義!U5""]"
モジュール定義,6,"{""A6"": ""M-005"", ""B6"": ""map_creator"", ""C6"": ""mapping"", ""D6"": ""converter"", ""E6"": ""PC"", ""F6"": """", ""H6"": ""地図整備"", ""I6"": ""3D地図から, 自己位置推定やNavigation, waypointの設定に使用可能な複数の地図と付随情報を生成"", ""J6"": ""保存した3D元地図・軌跡・座標系情報、地図生成条件、人間の変換操作"", ""K6"": ""自己位置推定用地図、Nav2用2D占有地図、map_id/revision、座標対応・生成条件"", ""L6"": ""変換ジョブと検証結果"", ""M6"": ""地表・障害物抽出、解像度、原点、通行不可領域。値は未確定"", ""N6"": ""SLAM成果物と保存先のみ。実車不要"", ""O6"": ""走行中の地図更新、目標到達判断"", ""P6"": ""座標変換不明・不完全地図は公開しない。既存版を保持"", ""Q6"": ""no"", ""R6"": ""no"", ""S6"": ""モジュール差替可"", ""T6"": ""地図整備モード。保存後のレビューで利用版を選択"", ""U6"": ""草案"", ""V6"": ""3D地図の単純な高さ投影だけで通行可能と断定しない。段差・坂道の扱いは未決。 差替条件：同一地図パッケージ契約を満たす変換器と交換""}",21,未決,草案,原文の未決・草案表記,"[""モジュール定義!U6""]"
モジュール定義,7,"{""A7"": ""M-006"", ""B7"": ""Map_Database"", ""C7"": ""map"", ""D7"": ""database"", ""E7"": ""PC"", ""F7"": """", ""H7"": ""事前地図作成, 自律走行, 地図整備"", ""I7"": ""地図パッケージの保存・読込。今回案はファイル保存領域と読込ライブラリで、常時稼働するDB nodeを必須にしない"", ""J7"": ""検証済み地図パッケージの保存、map_id/revision指定の読込要求"", ""K7"": ""地図ファイル群、manifest、検証結果、読込失敗理由"", ""L7"": ""公開済み地図版。走行状態を保持しない"", ""M7"": ""map_root、schema_version、ファイル検査条件"", ""N7"": ""ファイルシステム。ROS制御系不要"", ""O7"": ""地図生成・修正、走行許可、heartbeat生成"", ""P7"": ""部分書込を公開しない。参照先欠落・版不一致は明示的に失敗"", ""Q7"": ""no"", ""R7"": ""no"", ""S7"": ""Backend差替可"", ""T7"": ""地図作成・整備時に保存、自律準備時に読込"", ""U7"": ""草案"", ""V7"": ""ファイル保存方式は草案。地図本体のROS提供はNavigation内のmap_server等が担当。 差替条件：呼出元のデータ契約を維持して保存実装を交換""}",21,未決,草案,原文の未決・草案表記,"[""モジュール定義!U7""]"
モジュール定義,8,"{""A8"": ""M-007"", ""B8"": ""Global_localization"", ""C8"": ""localization"", ""D8"": ""estimator"", ""E8"": ""PC"", ""F8"": """", ""H8"": ""自律走行"", ""I8"": ""保存済み地図とその場での観測データから、保存地図上での現在位置を大域的に推定し、map→odom の対応を推定・提供する。"", ""J8"": ""選択した自己位置推定用地図、XT-32点群、local_odometryとTF、人間の初期姿勢・共分散"", ""K8"": ""map→odom TF、地図上の推定姿勢、初期化中／有効／不良・更新時刻"", ""L8"": ""地図版、初期化状態、地図とodomの対応、推定品質"", ""M8"": ""推定方式・採用版、初期化条件、品質閾値は未確定"", ""N8"": ""地図、点群、odom。missionや車両通信に依存しない"", ""O8"": ""odom→base_linkの重複発行、経路進行、gamepad介入検出"", ""P8"": ""地図不一致・推定不良・TF staleを明示。停止中の再初期化で復旧し自動発進しない"", ""Q8"": ""no"", ""R8"": ""no"", ""S8"": ""モジュール差替可"", ""T8"": ""地図読込後に初期姿勢指定。推定成立後のみmission開始可"", ""U8"": ""草案"", ""V8"": ""IMUを直接利用するかはアルゴリズム選定時に確定。local_odometryの推定を利用する境界を優先。 差替条件：map→odomと品質の契約を満たす推定器と交換""}",21,未決,草案,原文の未決・草案表記,"[""モジュール定義!U8""]"
モジュール定義,9,"{""A9"": ""M-008"", ""B9"": ""local_odometry"", ""C9"": ""localization"", ""D9"": ""estimator"", ""E9"": ""PC"", ""H9"": ""自律走行"", ""I9"": ""odom → base_linkとlocal odometryを提供。局所的な車体速度・角速度を推定。"", ""J9"": ""XT-32時刻付き点群、IMU、センサ外部パラメータ・時刻同期情報"", ""K9"": ""localization/odometry（姿勢・推定速度・角速度）、odom→base_link TF、品質状態"", ""L9"": ""局所推定状態、最新観測時刻。地図・経路は保持しない"", ""M9"": ""推定方式、共分散・品質、初期化、欠測許容は未確定"", ""N9"": ""センサとTFのみ。Global localizationと独立に試験可能"", ""O9"": ""map→odom、経路進行、実エンコーダ速度の提供"", ""P9"": ""品質低下・欠測を明示。再初期化によるodom不連続を通知し走行継続させない"", ""S9"": ""モジュール差替可"", ""T9"": ""自律走行。初期化・速度推定成立を準備条件にする"", ""V9"": ""速度は実測エンコーダ値ではなく推定値。停止確認にも同じ推定と品質を使う。 差替条件：OdometryとTFを一貫して供給する推定器と交換""}",17,未決,,原文の未決・草案表記,"[""モジュール定義!U9""]"
モジュール定義,10,"{""A10"": ""M-009"", ""B10"": ""Waypoint_database"", ""C10"": ""map"", ""D10"": ""database"", ""E10"": ""PC"", ""F10"": """", ""H10"": ""自律走行, 地図整備"", ""I10"": ""地図版と関連付けた順序付き経路データの保存・読込。今回案はファイルとライブラリ"", ""J10"": ""waypoint managerの検証済み経路、route_id/revision指定読込"", ""K10"": ""通過・停止点列、区間方式、区間速度設定、指定path、参照地図版"", ""L10"": ""保存済み経路版のみ"", ""M10"": ""route_root、schema_version、参照整合性条件"", ""N10"": ""地図manifest、ファイルシステム"", ""O10"": ""経路の実行、動的障害物管理、走行中の進捗保存"", ""P10"": ""地図版不一致・欠落・順序不正を読込エラーとする"", ""Q10"": ""no"", ""R10"": ""no"", ""S10"": ""Backend差替可"", ""T10"": ""整備時に保存。開始前に一つの版を固定して読込"", ""U10"": ""草案"", ""V10"": ""横断・信号位置属性は後工程。今回の起動条件にしない。 差替条件：Route契約を維持して保存方式変更可""}",21,未決,草案,原文の未決・草案表記,"[""モジュール定義!U10""]"
モジュール定義,11,"{""A11"": ""M-010"", ""B11"": ""gouda_waypoint_manager"", ""C11"": ""map"", ""D11"": ""manager"", ""E11"": ""PC"", ""H11"": ""地図整備"", ""I11"": ""保存済み地図を参照し、人間による waypoint（目標点列・通過順序）および意味付き地点・領域の作成・編集を支援する。Waypoint_database から既存設定を読み込み、編集結果を対象 map_id と紐付けて保存し、読込・保存時に参照地図・座標系の整合性を確認する。"", ""J11"": ""地図パッケージ、既存経路、人間による点・順序・姿勢・速度・停止種別・区間方式・線の編集"", ""K11"": ""検証済みRouteの保存、整合性エラー、地図上のプレビュー"", ""L11"": ""編集内容、未保存変更、参照地図版"", ""M11"": ""編集・検証条件。位置・姿勢・速度の許容値は未確定"", ""N11"": ""地図・経路ファイル、表示UI。実車と推定器は不要"", ""O11"": ""SLAM・自己位置推定、地図補正、走行中の経路計画・到達判断・停止判断、異なる地図への自動移行。"", ""P11"": ""不正データの保存／実行用公開を拒否。元の経路版を維持"", ""Q11"": ""no"", ""R11"": ""no"", ""S11"": ""モジュール差替可"", ""T11"": ""地図整備モード。実行中の経路版は書換えない"", ""U11"": ""草案"", ""V11"": ""経路編集とmission実行の責務を分離。速度0を停止点の代用にしない。 差替条件：同じRoute形式を編集できるツールと交換""}",20,未決,草案,原文の未決・草案表記,"[""モジュール定義!U11""]"
モジュール定義,12,"{""B12"": ""gouda_section_executor"", ""C12"": ""navigation"", ""E12"": ""PC"", ""H12"": ""自律走行"", ""J12"": ""gouda_mission_managerから、「今回走る区間」を受理\nplan方式 / 指定線方式の選択\nNav2へのgoal生成\nNav2 goalの開始\ncancel\nNav2の成功/失敗をGouda側の結果へ変換\n区間の最高速度をNav2へ設定\ngouda_progress_trackerから通過状況を取得\nExecuteSection feedback/resultを返す"", ""O12"": ""経路探索アルゴリズム\ncmd_vel計算\nwaypoint通過判定そのもの\n全Routeの順序管理\nEMC-270制御""}",6,未決,,確定の明示なし,"[""モジュール定義!U12""]"
モジュール定義,13,"{""A13"": ""M-011"", ""B13"": ""Navigation"", ""C13"": ""navigation"", ""D13"": ""planner"", ""E13"": ""PC"", ""F13"": ""Nav2"", ""H13"": ""自律走行"", ""I13"": ""Nav2を使う移動実行境界。指定区間の計画・追従・通過判定・進捗を提供し、全体経路の順序は決めない"", ""J13"": ""ExecuteSection（未達点列・区間方式・速度・必要path）、地図、TF、odometry、障害物点群"", ""K13"": ""navigation/cmd_vel、区間進捗・結果、計画path・costmap、診断"", ""L13"": ""一つのactive sectionとNav2 goal、通過証拠、速度制約、取消状態"", ""M13"": ""Nav2版、planner/controller/BT、footprint、通過・到達閾値、速度・加減速条件は未確定"", ""N13"": ""map、localization、障害物点群。ESP32状態やmonitorには依存しない"", ""O13"": ""mission開始判断、経路全体の進行、操縦主体判定、ジョイスティック変換"", ""P13"": ""到達失敗を上位へ返す。自動スキップ・無断後退・別方式への切替をしない。取消中は新goalを開始しない"", ""Q13"": ""no"", ""R13"": ""no"", ""S13"": ""モジュール差替可"", ""T13"": ""必要データ成立後activate。走行は区間goal受理後。停止点では区間を終える"", ""U13"": ""草案"", ""V13"": ""NavigateThroughPosesと内部FollowPathを用いる案。指定線方式の迂回条件Q-07/Q-12。5 mは各waypoint中心で線からの距離ではない。 差替条件：外部ExecuteSectionと速度要求契約を維持してNav2設定交換""}",21,未決,草案,原文の未決・草案表記,"[""モジュール定義!U13""]"
モジュール定義,14,"{""A14"": ""M-012"", ""B14"": ""gouda_motion_controller"", ""C14"": ""control"", ""D14"": ""controller"", ""E14"": ""PC"", ""F14"": """", ""H14"": ""自律走行"", ""I14"": ""速度・角速度要求をEMC-270の特性に合わせたジョイスティック要求へ変換する"", ""J14"": ""navigation/cmd_vel、localization/odometry、校正設定。将来collision_stop_requestを追加"", ""K14"": ""control/joystick_command（正規化操作値・時刻・有効期限）、追従診断"", ""L14"": ""入力時刻、制御内部状態、前回出力"", ""M14"": ""中立・変換特性、遅延、飽和、速度・加速度制限、timeout。実測で確定"", ""N14"": ""速度要求、推定速度、校正設定。ESP32状態通知は不要"", ""O14"": ""経路・障害物の意味判断、全体進行、PC障害の総合判定"", ""P14"": ""入力期限切れ・異常値・速度推定不良で中立。飽和時の積分蓄積を抑える。P介入は見えないため指令と実運動の不一致を介入と断定しない"", ""Q14"": ""no"", ""R14"": ""yes"", ""S14"": ""モジュール差替可"", ""T14"": ""自律構成。要求がない間は中立"", ""U14"": ""草案"", ""V14"": ""今回collision_stop_requestの送信元は未実装で、欠落を異常扱いしない。XT-32処理は通常costmap用。 差替条件：正規化JoystickCommandを維持し制御器を交換""}",21,未決,草案,原文の未決・草案表記,"[""モジュール定義!U14""]"
モジュール定義,15,"{""A15"": ""M-013"", ""B15"": ""gouda_safety_supervisor"", ""C15"": ""safety"", ""D15"": ""supervisor"", ""E15"": ""PC"", ""F15"": """", ""H15"": ""自律走行"", ""I15"": ""今回構成のPC側データ・node健全性から走行継続可否を判定。ESP32状態通知は必須監視対象にしない"", ""J15"": ""必要topicの鮮度、TF・推定品質、Nav2/bridge等のPC診断、実行プロファイル"", ""K15"": ""safety/permission（許否・理由・時刻・有効期限）"", ""L15"": ""必要機能一覧、最終受信時刻、異常理由"", ""M15"": ""実行プロファイル別required_inputs、timeout・復旧条件は未確定"", ""N15"": ""観測・診断のみ。logger/system_statusを経由しない"", ""O15"": ""環境の危険判断、ESP32実状態の推測、mission進行"", ""P15"": ""必要データ不良は不許可。自身の停止はgate側の期限監視で検出"", ""Q15"": ""yes"", ""R15"": ""no"", ""S15"": ""モジュール差替可"", ""T15"": ""自律構成で起動。準備未完了は不許可だがmission開始前の正常な準備状態と区別"", ""U15"": ""草案"", ""V15"": ""図のESP32 heartbeat依存は今回必須から除外。後工程センサも必須にしない。 差替条件：Permissionの契約を維持して監視実装変更可""}",21,未決,草案,原文の未決・草案表記,"[""モジュール定義!U15""]"
モジュール定義,16,"{""A16"": ""M-014"", ""B16"": ""Safety_gate"", ""C16"": ""safety"", ""D16"": ""gate"", ""E16"": ""PC"", ""F16"": """", ""H16"": ""自律走行"", ""I16"": ""PC側のmission走行要求とsystem健全性、有効な制御指令を照合し、最終PC指令を一つに限定する"", ""J16"": ""control/joystick_command、task/motion_enable、safety/permission（すべて鮮度付き）"", ""K16"": ""vehicle/joystick_command（許可時は現在値、それ以外は中立）、執行状態"", ""L16"": ""入力の最終時刻、許可epoch、遮断理由。再許可時に以前の指令cacheを破棄"", ""M16"": ""実行周期、入力期限、起動時中立。数値は未確定"", ""N16"": ""公開3入力と中立設定。実車状態通知不要"", ""O16"": ""経路計画、操縦主体判定、障害物認識"", ""P16"": ""未受信・stale・非有限値で中立。許可断後は新しいmotion epochまで中立を保持する案。再開後の新鮮な指令だけ通す"", ""Q16"": ""no"", ""R16"": ""yes"", ""S16"": ""モジュール差替可"", ""T16"": ""起動直後から中立。全条件成立時のみ非中立を通す"", ""U16"": ""草案"", ""V16"": ""停止要求はNav2取消と別経路で即時遮断。ESP32のP優先は本gateの外側。 差替条件：同一入出力契約で交換可""}",21,未決,草案,原文の未決・草案表記,"[""モジュール定義!U16""]"
モジュール定義,17,"{""A17"": ""M-015"", ""B17"": ""vehicle_bridge"", ""C17"": ""vehicle"", ""D17"": ""bridge"", ""E17"": ""PC"", ""F17"": """", ""H17"": ""全モード"", ""I17"": ""正規化PC操作要求を既存ESP32通信形式へ変換して送信する。機器固有の通信仕様をこの境界に閉じる"", ""J17"": ""vehicle/joystick_command、通信設定。ESP32返信は存在する場合のみ任意受信"", ""K17"": ""ESP32向け指令、PC側送信／接続診断、試験時の送信予定値"", ""L17"": ""接続状態、最新有効指令。実車実行済み状態とは区別"", ""M17"": ""プロトコル・中立値・送信周期・watchdog時間は既存仕様照合待ち"", ""N17"": ""操作topicと設定。試験時はtransportをstubへ差替"", ""O17"": ""経路・mode裁定、ESP32からの受領／実行の推測"", ""P17"": ""古い指令を再送しない。入力断は中立送信、通信断はPC診断。ESP32は受信断watchdogで停止"", ""Q17"": ""no"", ""R17"": ""no"", ""S17"": ""モジュール差替可"", ""T17"": ""mapping/manual/map_editでは非中立送信しない。実車送信とdry_runは明示選択"", ""U17"": ""草案"", ""V17"": ""再接続時はバッファを破棄。再開条件はmission状態と新鮮な入力で決める。 差替条件：PC側契約を変えず機器・transportを交換""}",21,未決,草案,原文の未決・草案表記,"[""モジュール定義!U17""]"
モジュール定義,18,"{""A18"": ""M-016"", ""B18"": ""gouda_logger"", ""C18"": ""system"", ""D18"": ""logger"", ""E18"": ""PC"", ""F18"": """", ""H18"": ""事前地図作成, 自律走行, 手動操縦"", ""I18"": ""観測・推定・判断・制御・システム状態を時刻付きで記録"", ""J18"": ""点群・IMU・TF・odometry、推定品質、mission遷移、Nav2結果、指令各段、診断、設定版"", ""K18"": ""時刻付きログ、記録状態・保存失敗通知"", ""L18"": ""記録セッション、記録topic一覧、ドロップ・容量状態"", ""M18"": ""保存先、記録対象、容量・分割設定は未確定"", ""N18"": ""公開topicとファイル保存領域"", ""O18"": ""状態集約の必須経路、走行許可、指令生成"", ""P18"": ""容量不足・書込失敗を表示。loggerの停止だけで他nodeの試験を止めない"", ""Q18"": ""no"", ""R18"": ""no"", ""S18"": ""モジュール差替可"", ""T18"": ""地図作成・自律・試験で任意起動。記録必須にする試験は手順で指定"", ""U18"": ""草案"", ""V18"": ""ログ欠落を走行中止条件にするかは未決。基本案では記録は制御依存にしない。 差替条件：rosbag2等。メタデータと時刻を再現可能にする""}",21,未決,草案,原文の未決・草案表記,"[""モジュール定義!U18""]"
モジュール定義,19,"{""A19"": ""M-017"", ""B19"": ""log_database"", ""C19"": ""system"", ""D19"": ""database"", ""E19"": ""PC"", ""H19"": ""事前地図作成, 自律走行, 手動操縦"", ""I19"": ""gouda_loggerが生成したログの保存先"", ""J19"": ""loggerのログファイルとセッションmetadata"", ""K19"": ""保存済みログ・設定版・再生用参照。再生はrosbag2側の責務"", ""L19"": ""ログファイル"", ""M19"": ""保存先、保存期間、容量上限は未確定"", ""N19"": ""ファイルシステム"", ""O19"": ""制御・データ解釈・ROS heartbeat"", ""P19"": ""保存失敗をloggerへ返す"", ""Q19"": ""no"", ""R19"": ""no"", ""S19"": ""Backend差替可"", ""T19"": ""logger起動時に書込先検査"", ""U19"": ""草案"", ""V19"": ""DB nodeの起動を必要としない。 差替条件：保存形式の互換性を確保して交換""}",20,未決,草案,原文の未決・草案表記,"[""モジュール定義!U19""]"
モジュール定義,20,"{""A20"": ""M-018"", ""B20"": ""RViz"", ""C20"": ""system"", ""D20"": ""hmi"", ""E20"": ""PC"", ""F20"": ""RViz"", ""G20"": ""実装済み"", ""H20"": ""事前地図作成, 自律走行, 地図整備"", ""I20"": ""ROS上のデータの可視化"", ""J20"": ""地図、TF、点群、path、costmap、推定姿勢、waypoint表示"", ""K20"": ""可視化。初期位置操作を使う場合はlocalization/initial_poseへremap"", ""L20"": ""表示設定"", ""M20"": ""topic remapと固定frame、表示プロファイル"", ""N20"": ""公開topicのみ"", ""O20"": ""missionの正本、無条件の実車目標送信"", ""P20"": ""欠測・TFエラーを可視化。制御を変更しない"", ""Q20"": ""no"", ""R20"": ""no"", ""S20"": ""モジュール差替可"", ""T20"": ""任意起動。実車時のNav2直結goalツールは無効化"", ""U20"": ""草案"", ""V20"": ""初期位置入力はmonitorまたはRVizの一方を操作窓口とする。 差替条件：他の可視化ツールと交換可""}",22,未決,草案,原文の未決・草案表記,"[""モジュール定義!U20""]"
モジュール定義,21,"{""A21"": ""M-019"", ""B21"": ""hesai_ros_driver"", ""C21"": ""sensors"", ""D21"": ""driver"", ""E21"": ""PC"", ""F21"": ""hesai_ros_driver"", ""H21"": ""事前地図作成, 自律走行"", ""I21"": ""XT-32の計測をROS上で利用可能な状態で提供する。"", ""J21"": ""XT-32生データ、計測・時刻設定"", ""K21"": ""sensors/xt32/points（時刻とframe付きPointCloud2）、driver診断"", ""L21"": ""接続・計測状態"", ""M21"": ""機種設定、point time field、時刻源、frame。実機確認待ち"", ""N21"": ""センサ、通信、設定のみ"", ""O21"": ""地図・経路・障害物判断"", ""P21"": ""通信断・時刻異常を通知。古い点群を新しい時刻で再発行しない"", ""Q21"": ""no"", ""R21"": ""no"", ""S21"": ""モジュール差替可"", ""T21"": ""mapping/autonomous。replay時は同topicの実driverを停止"", ""U21"": ""草案"", ""V21"": ""同じ生点群をSLAM・odometry・障害物処理に配信。加工で元topicを上書きしない。 差替条件：同一計測契約を供給するdriverで交換""}",21,未決,草案,原文の未決・草案表記,"[""モジュール定義!U21""]"
モジュール定義,22,"{""A22"": ""M-020"", ""B22"": ""adi_imu_driver"", ""C22"": ""sensors"", ""D22"": ""driver"", ""E22"": ""PC"", ""F22"": ""adi_imu_driver"", ""H22"": ""事前地図作成, 自律走行"", ""I22"": ""ADIS16607-2の計測をROS上で利用可能な状態で提供する。"", ""J22"": ""ADIS16607-2生データと計測設定"", ""K22"": ""sensors/imu/data（加速度・角速度・時刻・frame）、driver診断"", ""L22"": ""接続・計測状態"", ""M22"": ""単位・軸・時刻同期・共分散、姿勢値の有無を実機確認"", ""N22"": ""センサ、通信、設定のみ"", ""O22"": ""map姿勢推定、mission判断"", ""P22"": ""欠測・値異常を通知。未計測姿勢を有効な姿勢として出さない"", ""Q22"": ""no"", ""R22"": ""no"", ""S22"": ""モジュール差替可"", ""T22"": ""mapping/autonomous。replay時は実driver停止"", ""U22"": ""草案"", ""V22"": ""sensor_msgs/ImuのSI単位に統一。 差替条件：Imu契約を満たして交換可""}",21,未決,草案,原文の未決・草案表記,"[""モジュール定義!U22""]"
モジュール定義,23,"{""A23"": ""M-021"", ""B23"": ""urg_node2"", ""C23"": ""sensors"", ""D23"": ""driver"", ""E23"": ""PC"", ""F23"": ""urg_node2"", ""H23"": ""自律走行"", ""I23"": ""Hokuyo LiDARの計測をROS上で利用可能な状態で提供する。"", ""J23"": ""後工程：Hokuyo計測生データ・設定"", ""K23"": ""後工程：時刻・frame付き走査データ。今回の必須入力ではない"", ""L23"": """", ""M23"": """", ""N23"": """", ""O23"": """", ""P23"": """", ""Q23"": ""no"", ""R23"": ""no"", ""S23"": """", ""T23"": """", ""U23"": ""草案"", ""V23"": ""今回範囲外。ハードウェア・視野確認後にIFを定義。""}",21,未決,草案,原文の未決・草案表記,"[""モジュール定義!U23""]"
モジュール定義,24,"{""A24"": ""M-022"", ""B24"": ""信号機認識"", ""C24"": ""perception"", ""D24"": ""detector"", ""E24"": ""PC"", ""F24"": """", ""H24"": ""自律走行"", ""I24"": """", ""J24"": ""後工程：対象信号の観測画像・対象情報。詳細保留"", ""K24"": ""後工程：信号状態・信頼度・観測時刻。今回起動不要"", ""L24"": """", ""M24"": """", ""N24"": """", ""O24"": """", ""P24"": """", ""Q24"": ""no"", ""R24"": ""no"", ""S24"": """", ""T24"": """", ""U24"": ""草案"", ""V24"": ""課題Bの設計は後工程。今回の自律開始条件にしない。""}",21,未決,草案,原文の未決・草案表記,"[""モジュール定義!U24""]"
モジュール定義,25,"{""A25"": ""M-023"", ""B25"": ""障害物認識"", ""C25"": ""perception"", ""D25"": ""detector"", ""E25"": ""PC"", ""F25"": """", ""H25"": ""自律走行"", ""I25"": ""今回：XT-32観測から車体・地面等を除外した障害物候補点群を提供。後工程：他ロボット・車両追跡と衝突切迫判断"", ""J25"": ""XT-32点群、時刻対応TF、車体外形・センサ取付情報、抽出条件"", ""K25"": ""perception/obstacle_points（Nav2用候補点群）、処理品質・観測時刻。今回意味分類・追跡は出さない"", ""L25"": ""フィルタ処理状態、最終観測時刻。mission状態を持たない"", ""M25"": ""地面除去・車体除去・高さ範囲・距離範囲。設置と走行面を計測して決定"", ""N25"": ""点群とTFのみ。localization用の点群処理とは分離"", ""O25"": ""今回の人・車両の意味分類、横断判断、経路計画、PC障害判定"", ""P25"": ""TF不整合・入力欠落は無効を通知。無点群を周囲安全の証拠にしない"", ""Q25"": ""未定"", ""R25"": ""no"", ""S25"": ""モジュール差替可"", ""T25"": ""autonomousのXT-32障害物対応構成。mapping時のSLAM入力は加工しない"", ""U25"": ""草案"", ""V25"": ""高所設置の死角・低い障害物・段差は検証が必要。今回collision_stop_requestは未提供。 差替条件：同じPointCloud2契約でHokuyo等の観測源へ拡張可""}",21,未決,草案,原文の未決・草案表記,"[""モジュール定義!U25""]"
モジュール定義,26,"{""A26"": ""M-024"", ""B26"": ""ナンバープレート認識"", ""C26"": ""perception"", ""D26"": ""recognizer"", ""E26"": ""PC"", ""F26"": """", ""H26"": ""自律走行"", ""I26"": """", ""J26"": ""後工程：ロボット番号が映る画像。追跡との対応付けは保留"", ""K26"": ""後工程：番号候補・信頼度・観測時刻。今回起動不要"", ""L26"": """", ""M26"": """", ""N26"": """", ""O26"": """", ""P26"": """", ""Q26"": ""no"", ""R26"": ""no"", ""S26"": """", ""T26"": """", ""U26"": ""草案"", ""V26"": ""課題Eの対象管理・撮影範囲はハードウェア実装後に決定。""}",21,未決,草案,原文の未決・草案表記,"[""モジュール定義!U26""]"
モジュール定義,27,"{""A27"": ""M-025"", ""B27"": ""ESP32"", ""C27"": ""vehicle"", ""D27"": ""embedded_controller"", ""E27"": ""ESP32"", ""F27"": """", ""G27"": ""実装済み"", ""H27"": ""事前地図作成, 自律走行, 手動操縦"", ""I27"": ""PC指令受信、P押下中のgamepad操作優先、DAC出力。PC指令途絶をwatchdog監視"", ""J27"": ""PC操作指令、Bluetooth gamepadのPボタン・スティック"", ""K27"": ""選択した操作値をDACへ出力。PCへの状態通知を必須としない"", ""L27"": ""Pとスティック状態、最新PC指令、watchdog状態。既存実装の詳細は未確認"", ""M27"": ""PC通信形式、watchdog時間、DAC変換。既存値確認待ち"", ""N27"": ""PC通信、gamepad、DAC。ROS nodeは不要"", ""O27"": ""ROS経路進行、自己位置、PCのmission状態管理"", ""P27"": ""PC指令途絶で停止。Bluetooth切断時は現状追加処理なし。P状態が残るかは未決事項"", ""Q27"": ""未定"", ""R27"": ""未定"", ""S27"": ""モジュール差替可"", ""T27"": ""実車操作時。Pを離すと自動的にPC指令へ戻る"", ""U27"": ""確定"", ""V27"": ""ユーザー確認済み動作を記載。非常停止状態のPC通知なし。コードや通信仕様は未照合。 差替条件：vehicle_bridgeの外側で機器交換を吸収""}",22,未決,確定,確定事項を含むが未決条件も併記,"[""モジュール定義!U27""]"
モジュール定義,28,"{""A28"": ""M-026"", ""B28"": ""DAC"", ""C28"": ""vehicle"", ""D28"": ""actuator_interface"", ""E28"": ""ESP32"", ""F28"": """", ""G28"": ""実装済み"", ""H28"": ""事前地図作成, 自律走行, 手動操縦"", ""I28"": """", ""J28"": ""ESP32からのDAC設定値"", ""K28"": ""EMC-270へジョイスティック相当のアナログ信号"", ""L28"": """", ""M28"": """", ""N28"": """", ""O28"": """", ""P28"": """", ""Q28"": ""no"", ""R28"": ""no"", ""S28"": """", ""T28"": """", ""U28"": ""確定"", ""V28"": ""通信方式・レンジ・中立電圧は既存実装を確認するまで未確定。""}",22,未決,確定,確定事項を含むが未決条件も併記,"[""モジュール定義!U28""]"
モジュール定義,29,"{""A29"": ""M-027"", ""B29"": ""bluetooth_gamepad"", ""C29"": ""vehicle"", ""D29"": ""manual_input"", ""E29"": ""External"", ""G29"": ""実装済み"", ""H29"": ""事前地図作成, 手動操縦, 自律走行"", ""I29"": """", ""J29"": ""人間のPボタン・スティック操作"", ""K29"": ""ESP32へBluetooth操作入力。P押下中の操作を優先"", ""L29"": """", ""M29"": """", ""N29"": """", ""O29"": """", ""P29"": """", ""Q29"": ""no"", ""R29"": ""no"", ""S29"": """", ""T29"": """", ""U29"": ""確定"", ""V29"": ""自律中も介入可。P解放でPC指令へ復帰。PCは介入を検知しない。""}",21,確定,確定,原文の確定表記,"[""モジュール定義!U29""]"
モジュール定義,30,"{""A30"": ""M-028"", ""B30"": ""Emergency_stop_button"", ""C30"": ""safety"", ""D30"": ""physical_safety_device"", ""E30"": ""Hardware"", ""F30"": ""車体電源強制シャットダウン"", ""G30"": ""実装済み"", ""H30"": ""全モード"", ""I30"": ""emc-270の強制シャットダウンボタン"", ""J30"": ""人間による物理ボタン押下"", ""K30"": ""EMC-270の強制シャットダウン。PCから状態取得は現状不可"", ""L30"": """", ""M30"": """", ""N30"": """", ""O30"": """", ""P30"": """", ""Q30"": ""no"", ""R30"": ""yes"", ""S30"": """", ""T30"": """", ""U30"": ""確定"", ""V30"": ""drawioのESP32押下検知線は現実装と相違。検知済みとは扱わない。""}",22,確定,確定,原文の確定表記,"[""モジュール定義!U30""]"
モジュール定義,31,"{""A31"": ""M-029"", ""B31"": ""gouda_crosswalk_controller_for_tc2026"", ""C31"": ""task"", ""D31"": ""state_machine"", ""H31"": ""自律走行"", ""I31"": ""2026年大会公式ルールにそって、横断歩道における待機列への進入、停止線での停止、オペレータ再開、道路端での停止、横断開始条件の判定、横断完了までの状態遷移を管理"", ""J31"": ""後工程：信号・白線・道路端・他者観測・経路属性・monitor再開入力"", ""K31"": ""後工程：横断状態、移動目標・制約、課題結果。今回未定義"", ""Q31"": ""no"", ""R31"": ""no"", ""V31"": ""今回起動しない。全体進行との接続は課題B設計時に決定。""}",11,未決,,原文の未決・草案表記,"[""モジュール定義!U31""]"
モジュール定義,32,"{""A32"": ""M-030"", ""B32"": ""gouda_white_line_monitor_for_tc2026"", ""C32"": ""perception"", ""D32"": ""detector"", ""H32"": ""自律走行"", ""I32"": ""横断歩道前の白線を認識。ロボットとの相対位置を提供"", ""J32"": ""後工程：camera1画像、校正・位置情報"", ""K32"": ""後工程：白線との相対位置・品質・観測時刻。今回起動不要"", ""Q32"": ""no"", ""R32"": ""no"", ""V32"": ""道路端の取得方法とは別問題。今回決めない。""}",11,未決,,確定の明示なし,"[""モジュール定義!U32""]"
モジュール定義,33,"{""A33"": ""M-031"", ""B33"": ""Hesai XT-32"", ""C33"": ""sensors"", ""D33"": ""sensor"", ""E33"": ""Hardware"", ""G33"": ""実装済み"", ""H33"": ""事前地図作成, 自律走行"", ""J33"": ""周囲の反射対象、計測設定・時刻同期入力（方式未確定）"", ""K33"": ""XT-32計測生データをhesai_ros_driverへ"", ""Q33"": ""no"", ""R33"": ""no"", ""U33"": ""確定"", ""V33"": ""ROS PointCloud2化はdriverが担当。""}",13,未決,確定,確定事項を含むが未決条件も併記,"[""モジュール定義!U33""]"
モジュール定義,34,"{""A34"": ""M-032"", ""B34"": ""ADIS16607-2"", ""C34"": ""sensors"", ""D34"": ""sensor"", ""E34"": ""Hardware"", ""G34"": ""実装済み"", ""H34"": ""事前地図作成, 自律走行"", ""J34"": ""車体の加速度・回転運動、計測設定"", ""K34"": ""IMU生データをadi_imu_driverへ"", ""Q34"": ""no"", ""R34"": ""no"", ""U34"": ""確定"", ""V34"": ""取付軸、外部パラメータ、時刻精度は確認待ち。""}",13,確定,確定,原文の確定表記,"[""モジュール定義!U34""]"
モジュール定義,35,"{""A35"": ""M-033"", ""B35"": ""Hokuyo LiDAR"", ""C35"": ""sensors"", ""D35"": ""sensor"", ""E35"": ""Hardware"", ""G35"": ""実装中"", ""H35"": ""自律走行"", ""J35"": ""後工程：周囲環境・計測設定"", ""K35"": ""後工程：Hokuyo計測生データ。今回必須ではない"", ""Q35"": ""no"", ""R35"": ""no"", ""U35"": ""確定""}",12,確定,確定,原文の確定表記,"[""モジュール定義!U35""]"
モジュール定義,36,"{""A36"": ""M-034"", ""B36"": ""camera1"", ""C36"": ""sensors"", ""D36"": ""sensor"", ""E36"": ""Hardware"", ""G36"": ""未実装"", ""H36"": ""自律走行"", ""J36"": ""後工程：撮影対象・撮影設定"", ""K36"": ""後工程：画像。driverと校正情報のIFは保留"", ""Q36"": ""no"", ""R36"": ""no""}",11,未決,,確定の明示なし,"[""モジュール定義!U36""]"
モジュール定義,37,"{""A37"": ""M-035"", ""B37"": ""camera2"", ""C37"": ""sensors"", ""D37"": ""sensor"", ""E37"": ""Hardware"", ""G37"": ""未実装"", ""H37"": ""自律走行"", ""J37"": ""後工程：撮影対象・撮影設定"", ""K37"": ""後工程：画像。信号と番号の視野要件は後で決定"", ""Q37"": ""no"", ""R37"": ""no""}",11,未決,,確定の明示なし,"[""モジュール定義!U37""]"
モジュール定義,38,"{""A38"": ""M-036"", ""B38"": ""EMC-270"", ""C38"": ""vehicle"", ""D38"": ""platform"", ""E38"": ""Hardware"", ""F38"": ""ジョイスティック介入"", ""G38"": ""実装済み"", ""H38"": ""事前地図作成, 自律走行, 手動操縦"", ""J38"": ""DACのジョイスティック相当信号、非常停止による電源遮断"", ""K38"": ""車体の物理的な運動。実速度・電池・非常停止状態のPC通知は前提にしない"", ""Q38"": ""no"", ""R38"": ""no"", ""U38"": ""確定"", ""V38"": ""運動はlocal_odometryで推定。制御入力から実動作の完了を断定しない。""}",14,確定,確定,原文の確定表記,"[""モジュール定義!U38""]"
モジュール定義,39,"{""A39"": ""M-037"", ""B39"": ""gouda_mission_manager"", ""C39"": ""task"", ""D39"": ""state_machine"", ""E39"": ""PC"", ""G39"": ""未実装"", ""H39"": ""自律走行"", ""I39"": ""経路の実行、PC側mode、開始・一時停止・再開・再試行・中断、未達点と停止点待機、最終完了の正本を管理"", ""J39"": ""Route、monitor操作、Navigation進捗・結果、推定姿勢・速度・品質、PC走行許可"", ""K39"": ""navigation/execute_section、task/mission_state、task/motion_enable、操作受付結果"", ""L39"": ""run_id、route版、未達点番号、停止点phase、active section、state_revision、停止理由"", ""M39"": ""停止成立閾値・継続時間、取消timeout、準備条件。値は未確定"", ""N39"": ""公開移動契約、Route、localization。ESP32状態通知・monitorの常時起動に依存しない"", ""O39"": ""計画・追従計算、センサ処理、ジョイスティック生成"", ""P39"": ""一時停止・失敗は未達を保持。古いgoal結果と重複要求を拒否。再起動後の自動走行はしない"", ""Q39"": ""no"", ""R39"": ""no"", ""S39"": ""モジュール差替可"", ""T39"": ""準備成立後の開始操作のみ発進。停止点はmonitor再開待ち。失敗は再試行待ち"", ""U39"": ""草案"", ""V39"": ""追加承認済み。P介入は見えないためPC処理は継続。介入中の通過成立の扱いは未決。 差替条件：Navigationをstubにして状態遷移試験可能""}",21,未決,草案,原文の未決・草案表記,"[""モジュール定義!U39""]"
モジュール定義,40,"{""A40"": ""M-038"", ""B40"": ""robot_state_publisher"", ""C40"": ""system"", ""D40"": ""processor"", ""E40"": ""PC"", ""G40"": ""未実装"", ""H40"": ""事前地図作成, 自律走行"", ""I40"": ""車体とセンサの固定座標変換を一元提供する構成案"", ""J40"": ""車体・センサ取付位置姿勢のモデル"", ""K40"": ""base_linkから各sensor frameへのtf_static"", ""L40"": ""読込済みモデル版"", ""M40"": ""センサ外部パラメータ、車体モデル。実測値未確定"", ""N40"": ""設定ファイルのみ"", ""O40"": ""map→odom、odom→base_linkの発行"", ""P40"": ""欠落・二重発行・無効変換は準備不成立"", ""Q40"": ""no"", ""R40"": ""no"", ""S40"": ""モジュール差替可"", ""T40"": ""対象センサ利用前。replayではbagとの二重発行を禁止"", ""U40"": ""草案"", ""V40"": ""既存表にTF固定変換の所有者がないため追加した提案。追加採用は未決事項Q-11。 差替条件：同じTFを提供するstatic publisherと交換可 未実装は提案された構成の実装状態を示し、採用確定を意味しない。""}",21,未決,草案,原文の未決・草案表記,"[""モジュール定義!U40""]"
モジュール定義,41,{},0,未決,,確定の明示なし,"[""モジュール定義!U41""]"
モジュール定義,42,{},0,未決,,確定の明示なし,"[""モジュール定義!U42""]"
モジュール定義,43,{},0,未決,,確定の明示なし,"[""モジュール定義!U43""]"
モジュール定義,44,{},0,未決,,確定の明示なし,"[""モジュール定義!U44""]"
モジュール定義,45,{},0,未決,,確定の明示なし,"[""モジュール定義!U45""]"
モジュール定義,46,{},0,未決,,確定の明示なし,"[""モジュール定義!U46""]"
モジュール定義,47,{},0,未決,,確定の明示なし,"[""モジュール定義!U47""]"
モジュール定義,48,{},0,未決,,確定の明示なし,"[""モジュール定義!U48""]"
モジュール定義,49,{},0,未決,,確定の明示なし,"[""モジュール定義!U49""]"
モジュール定義,50,{},0,未決,,確定の明示なし,"[""モジュール定義!U50""]"
モジュール定義,51,{},0,未決,,確定の明示なし,"[""モジュール定義!U51""]"
モジュール定義,52,{},0,未決,,確定の明示なし,"[""モジュール定義!U52""]"
モジュール定義,53,{},0,未決,,確定の明示なし,"[""モジュール定義!U53""]"
モジュール定義,54,{},0,未決,,確定の明示なし,"[""モジュール定義!U54""]"
モジュール定義,55,{},0,未決,,確定の明示なし,"[""モジュール定義!U55""]"
モジュール定義,56,{},0,未決,,確定の明示なし,"[""モジュール定義!U56""]"
モジュール定義,57,{},0,未決,,確定の明示なし,"[""モジュール定義!U57""]"
モジュール定義,58,{},0,未決,,確定の明示なし,"[""モジュール定義!U58""]"
モジュール定義,59,{},0,未決,,確定の明示なし,"[""モジュール定義!U59""]"
モジュール定義,60,{},0,未決,,確定の明示なし,"[""モジュール定義!U60""]"
モジュール定義,61,{},0,未決,,確定の明示なし,"[""モジュール定義!U61""]"
モジュール定義,62,{},0,未決,,確定の明示なし,"[""モジュール定義!U62""]"
モジュール定義,63,{},0,未決,,確定の明示なし,"[""モジュール定義!U63""]"
モジュール定義,64,{},0,未決,,確定の明示なし,"[""モジュール定義!U64""]"
モジュール定義,65,{},0,未決,,確定の明示なし,"[""モジュール定義!U65""]"
モジュール定義,66,{},0,未決,,確定の明示なし,"[""モジュール定義!U66""]"
モジュール定義,67,{},0,未決,,確定の明示なし,"[""モジュール定義!U67""]"
モジュール定義,68,{},0,未決,,確定の明示なし,"[""モジュール定義!U68""]"
モジュール定義,69,{},0,未決,,確定の明示なし,"[""モジュール定義!U69""]"
モジュール定義,70,{},0,未決,,確定の明示なし,"[""モジュール定義!U70""]"
モジュール定義,71,{},0,未決,,確定の明示なし,"[""モジュール定義!U71""]"
モジュール定義,72,{},0,未決,,確定の明示なし,"[""モジュール定義!U72""]"
モジュール定義,73,{},0,未決,,確定の明示なし,"[""モジュール定義!U73""]"
モジュール定義,74,{},0,未決,,確定の明示なし,"[""モジュール定義!U74""]"
モジュール定義,75,{},0,未決,,確定の明示なし,"[""モジュール定義!U75""]"
モジュール定義,76,{},0,未決,,確定の明示なし,"[""モジュール定義!U76""]"
モジュール定義,77,{},0,未決,,確定の明示なし,"[""モジュール定義!U77""]"
モジュール定義,78,{},0,未決,,確定の明示なし,"[""モジュール定義!U78""]"
モジュール定義,79,{},0,未決,,確定の明示なし,"[""モジュール定義!U79""]"
モジュール定義,80,{},0,未決,,確定の明示なし,"[""モジュール定義!U80""]"
モジュール定義,81,{},0,未決,,確定の明示なし,"[""モジュール定義!U81""]"
モジュール定義,82,{},0,未決,,確定の明示なし,"[""モジュール定義!U82""]"
モジュール定義,83,{},0,未決,,確定の明示なし,"[""モジュール定義!U83""]"
モジュール定義,84,{},0,未決,,確定の明示なし,"[""モジュール定義!U84""]"
モジュール定義,85,{},0,未決,,確定の明示なし,"[""モジュール定義!U85""]"
モジュール定義,86,{},0,未決,,確定の明示なし,"[""モジュール定義!U86""]"
モジュール定義,87,{},0,未決,,確定の明示なし,"[""モジュール定義!U87""]"
モジュール定義,88,{},0,未決,,確定の明示なし,"[""モジュール定義!U88""]"
モジュール定義,89,{},0,未決,,確定の明示なし,"[""モジュール定義!U89""]"
モジュール定義,90,{},0,未決,,確定の明示なし,"[""モジュール定義!U90""]"
モジュール定義,91,{},0,未決,,確定の明示なし,"[""モジュール定義!U91""]"
モジュール定義,92,{},0,未決,,確定の明示なし,"[""モジュール定義!U92""]"
モジュール定義,93,{},0,未決,,確定の明示なし,"[""モジュール定義!U93""]"
モジュール定義,94,{},0,未決,,確定の明示なし,"[""モジュール定義!U94""]"
モジュール定義,95,{},0,未決,,確定の明示なし,"[""モジュール定義!U95""]"
モジュール定義,96,{},0,未決,,確定の明示なし,"[""モジュール定義!U96""]"
モジュール定義,97,{},0,未決,,確定の明示なし,"[""モジュール定義!U97""]"
モジュール定義,98,{},0,未決,,確定の明示なし,"[""モジュール定義!U98""]"
モジュール定義,99,{},0,未決,,確定の明示なし,"[""モジュール定義!U99""]"
モジュール定義,100,{},0,未決,,確定の明示なし,"[""モジュール定義!U100""]"
モジュール定義,101,{},0,未決,,確定の明示なし,"[""モジュール定義!U101""]"
モジュール定義,102,{},0,未決,,確定の明示なし,"[""モジュール定義!U102""]"
モジュール定義,103,{},0,未決,,確定の明示なし,"[""モジュール定義!U103""]"
モジュール定義,104,{},0,未決,,確定の明示なし,"[""モジュール定義!U104""]"
モジュール定義,105,{},0,未決,,確定の明示なし,"[""モジュール定義!U105""]"
モジュール定義,106,{},0,未決,,確定の明示なし,"[""モジュール定義!U106""]"
モジュール定義,107,{},0,未決,,確定の明示なし,"[""モジュール定義!U107""]"
モジュール定義,108,{},0,未決,,確定の明示なし,"[""モジュール定義!U108""]"
モジュール定義,109,{},0,未決,,確定の明示なし,"[""モジュール定義!U109""]"
モジュール定義,110,{},0,未決,,確定の明示なし,"[""モジュール定義!U110""]"
モジュール定義,111,{},0,未決,,確定の明示なし,"[""モジュール定義!U111""]"
モジュール定義,112,{},0,未決,,確定の明示なし,"[""モジュール定義!U112""]"
モジュール定義,113,{},0,未決,,確定の明示なし,"[""モジュール定義!U113""]"
モジュール定義,114,{},0,未決,,確定の明示なし,"[""モジュール定義!U114""]"
モジュール定義,115,{},0,未決,,確定の明示なし,"[""モジュール定義!U115""]"
モジュール定義,116,{},0,未決,,確定の明示なし,"[""モジュール定義!U116""]"
モジュール定義,117,{},0,未決,,確定の明示なし,"[""モジュール定義!U117""]"
モジュール定義,118,{},0,未決,,確定の明示なし,"[""モジュール定義!U118""]"
モジュール定義,119,{},0,未決,,確定の明示なし,"[""モジュール定義!U119""]"
モジュール定義,120,{},0,未決,,確定の明示なし,"[""モジュール定義!U120""]"
モジュール定義,121,{},0,未決,,確定の明示なし,"[""モジュール定義!U121""]"
モジュール定義,122,{},0,未決,,確定の明示なし,"[""モジュール定義!U122""]"
モジュール定義,123,{},0,未決,,確定の明示なし,"[""モジュール定義!U123""]"
モジュール定義,124,{},0,未決,,確定の明示なし,"[""モジュール定義!U124""]"
モジュール定義,125,{},0,未決,,確定の明示なし,"[""モジュール定義!U125""]"
モジュール定義,126,{},0,未決,,確定の明示なし,"[""モジュール定義!U126""]"
モジュール定義,127,{},0,未決,,確定の明示なし,"[""モジュール定義!U127""]"
モジュール定義,128,{},0,未決,,確定の明示なし,"[""モジュール定義!U128""]"
モジュール定義,129,{},0,未決,,確定の明示なし,"[""モジュール定義!U129""]"
モジュール定義,130,{},0,未決,,確定の明示なし,"[""モジュール定義!U130""]"
モジュール定義,131,{},0,未決,,確定の明示なし,"[""モジュール定義!U131""]"
モジュール定義,132,{},0,未決,,確定の明示なし,"[""モジュール定義!U132""]"
モジュール定義,133,{},0,未決,,確定の明示なし,"[""モジュール定義!U133""]"
モジュール定義,134,{},0,未決,,確定の明示なし,"[""モジュール定義!U134""]"
モジュール定義,135,{},0,未決,,確定の明示なし,"[""モジュール定義!U135""]"
モジュール定義,136,{},0,未決,,確定の明示なし,"[""モジュール定義!U136""]"
モジュール定義,137,{},0,未決,,確定の明示なし,"[""モジュール定義!U137""]"
モジュール定義,138,{},0,未決,,確定の明示なし,"[""モジュール定義!U138""]"
モジュール定義,139,{},0,未決,,確定の明示なし,"[""モジュール定義!U139""]"
モジュール定義,140,{},0,未決,,確定の明示なし,"[""モジュール定義!U140""]"
モジュール定義,141,{},0,未決,,確定の明示なし,"[""モジュール定義!U141""]"
モジュール定義,142,{},0,未決,,確定の明示なし,"[""モジュール定義!U142""]"
モジュール定義,143,{},0,未決,,確定の明示なし,"[""モジュール定義!U143""]"
モジュール定義,144,{},0,未決,,確定の明示なし,"[""モジュール定義!U144""]"
モジュール定義,145,{},0,未決,,確定の明示なし,"[""モジュール定義!U145""]"
モジュール定義,146,{},0,未決,,確定の明示なし,"[""モジュール定義!U146""]"
モジュール定義,147,{},0,未決,,確定の明示なし,"[""モジュール定義!U147""]"
モジュール定義,148,{},0,未決,,確定の明示なし,"[""モジュール定義!U148""]"
モジュール定義,149,{},0,未決,,確定の明示なし,"[""モジュール定義!U149""]"
モジュール定義,150,{},0,未決,,確定の明示なし,"[""モジュール定義!U150""]"
モジュール定義,151,{},0,未決,,確定の明示なし,"[""モジュール定義!U151""]"
モジュール定義,152,{},0,未決,,確定の明示なし,"[""モジュール定義!U152""]"
モジュール定義,153,{},0,未決,,確定の明示なし,"[""モジュール定義!U153""]"
モジュール定義,154,{},0,未決,,確定の明示なし,"[""モジュール定義!U154""]"
モジュール定義,155,{},0,未決,,確定の明示なし,"[""モジュール定義!U155""]"
モジュール定義,156,{},0,未決,,確定の明示なし,"[""モジュール定義!U156""]"
モジュール定義,157,{},0,未決,,確定の明示なし,"[""モジュール定義!U157""]"
モジュール定義,158,{},0,未決,,確定の明示なし,"[""モジュール定義!U158""]"
モジュール定義,159,{},0,未決,,確定の明示なし,"[""モジュール定義!U159""]"
モジュール定義,160,{},0,未決,,確定の明示なし,"[""モジュール定義!U160""]"
モジュール定義,161,{},0,未決,,確定の明示なし,"[""モジュール定義!U161""]"
モジュール定義,162,{},0,未決,,確定の明示なし,"[""モジュール定義!U162""]"
モジュール定義,163,{},0,未決,,確定の明示なし,"[""モジュール定義!U163""]"
モジュール定義,164,{},0,未決,,確定の明示なし,"[""モジュール定義!U164""]"
モジュール定義,165,{},0,未決,,確定の明示なし,"[""モジュール定義!U165""]"
モジュール定義,166,{},0,未決,,確定の明示なし,"[""モジュール定義!U166""]"
モジュール定義,167,{},0,未決,,確定の明示なし,"[""モジュール定義!U167""]"
モジュール定義,168,{},0,未決,,確定の明示なし,"[""モジュール定義!U168""]"
モジュール定義,169,{},0,未決,,確定の明示なし,"[""モジュール定義!U169""]"
モジュール定義,170,{},0,未決,,確定の明示なし,"[""モジュール定義!U170""]"
モジュール定義,171,{},0,未決,,確定の明示なし,"[""モジュール定義!U171""]"
モジュール定義,172,{},0,未決,,確定の明示なし,"[""モジュール定義!U172""]"
モジュール定義,173,{},0,未決,,確定の明示なし,"[""モジュール定義!U173""]"
モジュール定義,174,{},0,未決,,確定の明示なし,"[""モジュール定義!U174""]"
モジュール定義,175,{},0,未決,,確定の明示なし,"[""モジュール定義!U175""]"
モジュール定義,176,{},0,未決,,確定の明示なし,"[""モジュール定義!U176""]"
モジュール定義,177,{},0,未決,,確定の明示なし,"[""モジュール定義!U177""]"
モジュール定義,178,{},0,未決,,確定の明示なし,"[""モジュール定義!U178""]"
モジュール定義,179,{},0,未決,,確定の明示なし,"[""モジュール定義!U179""]"
モジュール定義,180,{},0,未決,,確定の明示なし,"[""モジュール定義!U180""]"
モジュール定義,181,{},0,未決,,確定の明示なし,"[""モジュール定義!U181""]"
モジュール定義,182,{},0,未決,,確定の明示なし,"[""モジュール定義!U182""]"
モジュール定義,183,{},0,未決,,確定の明示なし,"[""モジュール定義!U183""]"
モジュール定義,184,{},0,未決,,確定の明示なし,"[""モジュール定義!U184""]"
モジュール定義,185,{},0,未決,,確定の明示なし,"[""モジュール定義!U185""]"
モジュール定義,186,{},0,未決,,確定の明示なし,"[""モジュール定義!U186""]"
モジュール定義,187,{},0,未決,,確定の明示なし,"[""モジュール定義!U187""]"
モジュール定義,188,{},0,未決,,確定の明示なし,"[""モジュール定義!U188""]"
モジュール定義,189,{},0,未決,,確定の明示なし,"[""モジュール定義!U189""]"
モジュール定義,190,{},0,未決,,確定の明示なし,"[""モジュール定義!U190""]"
モジュール定義,191,{},0,未決,,確定の明示なし,"[""モジュール定義!U191""]"
モジュール定義,192,{},0,未決,,確定の明示なし,"[""モジュール定義!U192""]"
モジュール定義,193,{},0,未決,,確定の明示なし,"[""モジュール定義!U193""]"
モジュール定義,194,{},0,未決,,確定の明示なし,"[""モジュール定義!U194""]"
モジュール定義,195,{},0,未決,,確定の明示なし,"[""モジュール定義!U195""]"
モジュール定義,196,{},0,未決,,確定の明示なし,"[""モジュール定義!U196""]"
モジュール定義,197,{},0,未決,,確定の明示なし,"[""モジュール定義!U197""]"
モジュール定義,198,{},0,未決,,確定の明示なし,"[""モジュール定義!U198""]"
モジュール定義,199,{},0,未決,,確定の明示なし,"[""モジュール定義!U199""]"
モジュール定義,200,{},0,未決,,確定の明示なし,"[""モジュール定義!U200""]"
モジュール定義,201,{},0,未決,,確定の明示なし,"[""モジュール定義!U201""]"
モジュール定義,202,{},0,未決,,確定の明示なし,"[""モジュール定義!U202""]"
モジュール定義,203,{},0,未決,,確定の明示なし,"[""モジュール定義!U203""]"
モジュール定義,204,{},0,未決,,確定の明示なし,"[""モジュール定義!U204""]"
モジュール定義,205,{},0,未決,,確定の明示なし,"[""モジュール定義!U205""]"
モジュール定義,206,{},0,未決,,確定の明示なし,"[""モジュール定義!U206""]"
モジュール定義,207,{},0,未決,,確定の明示なし,"[""モジュール定義!U207""]"
モジュール定義,208,{},0,未決,,確定の明示なし,"[""モジュール定義!U208""]"
モジュール定義,209,{},0,未決,,確定の明示なし,"[""モジュール定義!U209""]"
モジュール定義,210,{},0,未決,,確定の明示なし,"[""モジュール定義!U210""]"
モジュール定義,211,{},0,未決,,確定の明示なし,"[""モジュール定義!U211""]"
モジュール定義,212,{},0,未決,,確定の明示なし,"[""モジュール定義!U212""]"
モジュール定義,213,{},0,未決,,確定の明示なし,"[""モジュール定義!U213""]"
モジュール定義,214,{},0,未決,,確定の明示なし,"[""モジュール定義!U214""]"
モジュール定義,215,{},0,未決,,確定の明示なし,"[""モジュール定義!U215""]"
モジュール定義,216,{},0,未決,,確定の明示なし,"[""モジュール定義!U216""]"
モジュール定義,217,{},0,未決,,確定の明示なし,"[""モジュール定義!U217""]"
モジュール定義,218,{},0,未決,,確定の明示なし,"[""モジュール定義!U218""]"
モジュール定義,219,{},0,未決,,確定の明示なし,"[""モジュール定義!U219""]"
モジュール定義,220,{},0,未決,,確定の明示なし,"[""モジュール定義!U220""]"
モジュール定義,221,{},0,未決,,確定の明示なし,"[""モジュール定義!U221""]"
モジュール定義,222,{},0,未決,,確定の明示なし,"[""モジュール定義!U222""]"
モジュール定義,223,{},0,未決,,確定の明示なし,"[""モジュール定義!U223""]"
モジュール定義,224,{},0,未決,,確定の明示なし,"[""モジュール定義!U224""]"
モジュール定義,225,{},0,未決,,確定の明示なし,"[""モジュール定義!U225""]"
モジュール定義,226,{},0,未決,,確定の明示なし,"[""モジュール定義!U226""]"
モジュール定義,227,{},0,未決,,確定の明示なし,"[""モジュール定義!U227""]"
モジュール定義,228,{},0,未決,,確定の明示なし,"[""モジュール定義!U228""]"
モジュール定義,229,{},0,未決,,確定の明示なし,"[""モジュール定義!U229""]"
モジュール定義,230,{},0,未決,,確定の明示なし,"[""モジュール定義!U230""]"
モジュール定義,231,{},0,未決,,確定の明示なし,"[""モジュール定義!U231""]"
モジュール定義,232,{},0,未決,,確定の明示なし,"[""モジュール定義!U232""]"
モジュール定義,233,{},0,未決,,確定の明示なし,"[""モジュール定義!U233""]"
モジュール定義,234,{},0,未決,,確定の明示なし,"[""モジュール定義!U234""]"
モジュール定義,235,{},0,未決,,確定の明示なし,"[""モジュール定義!U235""]"
モジュール定義,236,{},0,未決,,確定の明示なし,"[""モジュール定義!U236""]"
モジュール定義,237,{},0,未決,,確定の明示なし,"[""モジュール定義!U237""]"
モジュール定義,238,{},0,未決,,確定の明示なし,"[""モジュール定義!U238""]"
モジュール定義,239,{},0,未決,,確定の明示なし,"[""モジュール定義!U239""]"
モジュール定義,240,{},0,未決,,確定の明示なし,"[""モジュール定義!U240""]"
モジュール定義,241,{},0,未決,,確定の明示なし,"[""モジュール定義!U241""]"
モジュール定義,242,{},0,未決,,確定の明示なし,"[""モジュール定義!U242""]"
モジュール定義,243,{},0,未決,,確定の明示なし,"[""モジュール定義!U243""]"
モジュール定義,244,{},0,未決,,確定の明示なし,"[""モジュール定義!U244""]"
モジュール定義,245,{},0,未決,,確定の明示なし,"[""モジュール定義!U245""]"
モジュール定義,246,{},0,未決,,確定の明示なし,"[""モジュール定義!U246""]"
モジュール定義,247,{},0,未決,,確定の明示なし,"[""モジュール定義!U247""]"
モジュール定義,248,{},0,未決,,確定の明示なし,"[""モジュール定義!U248""]"
モジュール定義,249,{},0,未決,,確定の明示なし,"[""モジュール定義!U249""]"
モジュール定義,250,{},0,未決,,確定の明示なし,"[""モジュール定義!U250""]"
モジュール定義,251,{},0,未決,,確定の明示なし,"[""モジュール定義!U251""]"
モジュール定義,252,{},0,未決,,確定の明示なし,"[""モジュール定義!U252""]"
モジュール定義,253,{},0,未決,,確定の明示なし,"[""モジュール定義!U253""]"
モジュール定義,254,{},0,未決,,確定の明示なし,"[""モジュール定義!U254""]"
モジュール定義,255,{},0,未決,,確定の明示なし,"[""モジュール定義!U255""]"
モジュール定義,256,{},0,未決,,確定の明示なし,"[""モジュール定義!U256""]"
モジュール定義,257,{},0,未決,,確定の明示なし,"[""モジュール定義!U257""]"
モジュール定義,258,{},0,未決,,確定の明示なし,"[""モジュール定義!U258""]"
モジュール定義,259,{},0,未決,,確定の明示なし,"[""モジュール定義!U259""]"
モジュール定義,260,{},0,未決,,確定の明示なし,"[""モジュール定義!U260""]"
モジュール定義,261,{},0,未決,,確定の明示なし,"[""モジュール定義!U261""]"
モジュール定義,262,{},0,未決,,確定の明示なし,"[""モジュール定義!U262""]"
モジュール定義,263,{},0,未決,,確定の明示なし,"[""モジュール定義!U263""]"
モジュール定義,264,{},0,未決,,確定の明示なし,"[""モジュール定義!U264""]"
モジュール定義,265,{},0,未決,,確定の明示なし,"[""モジュール定義!U265""]"
モジュール定義,266,{},0,未決,,確定の明示なし,"[""モジュール定義!U266""]"
モジュール定義,267,{},0,未決,,確定の明示なし,"[""モジュール定義!U267""]"
モジュール定義,268,{},0,未決,,確定の明示なし,"[""モジュール定義!U268""]"
モジュール定義,269,{},0,未決,,確定の明示なし,"[""モジュール定義!U269""]"
モジュール定義,270,{},0,未決,,確定の明示なし,"[""モジュール定義!U270""]"
モジュール定義,271,{},0,未決,,確定の明示なし,"[""モジュール定義!U271""]"
モジュール定義,272,{},0,未決,,確定の明示なし,"[""モジュール定義!U272""]"
モジュール定義,273,{},0,未決,,確定の明示なし,"[""モジュール定義!U273""]"
モジュール定義,274,{},0,未決,,確定の明示なし,"[""モジュール定義!U274""]"
モジュール定義,275,{},0,未決,,確定の明示なし,"[""モジュール定義!U275""]"
モジュール定義,276,{},0,未決,,確定の明示なし,"[""モジュール定義!U276""]"
モジュール定義,277,{},0,未決,,確定の明示なし,"[""モジュール定義!U277""]"
モジュール定義,278,{},0,未決,,確定の明示なし,"[""モジュール定義!U278""]"
モジュール定義,279,{},0,未決,,確定の明示なし,"[""モジュール定義!U279""]"
モジュール定義,280,{},0,未決,,確定の明示なし,"[""モジュール定義!U280""]"
モジュール定義,281,{},0,未決,,確定の明示なし,"[""モジュール定義!U281""]"
モジュール定義,282,{},0,未決,,確定の明示なし,"[""モジュール定義!U282""]"
モジュール定義,283,{},0,未決,,確定の明示なし,"[""モジュール定義!U283""]"
モジュール定義,284,{},0,未決,,確定の明示なし,"[""モジュール定義!U284""]"
モジュール定義,285,{},0,未決,,確定の明示なし,"[""モジュール定義!U285""]"
モジュール定義,286,{},0,未決,,確定の明示なし,"[""モジュール定義!U286""]"
モジュール定義,287,{},0,未決,,確定の明示なし,"[""モジュール定義!U287""]"
モジュール定義,288,{},0,未決,,確定の明示なし,"[""モジュール定義!U288""]"
モジュール定義,289,{},0,未決,,確定の明示なし,"[""モジュール定義!U289""]"
モジュール定義,290,{},0,未決,,確定の明示なし,"[""モジュール定義!U290""]"
モジュール定義,291,{},0,未決,,確定の明示なし,"[""モジュール定義!U291""]"
モジュール定義,292,{},0,未決,,確定の明示なし,"[""モジュール定義!U292""]"
モジュール定義,293,{},0,未決,,確定の明示なし,"[""モジュール定義!U293""]"
モジュール定義,294,{},0,未決,,確定の明示なし,"[""モジュール定義!U294""]"
モジュール定義,295,{},0,未決,,確定の明示なし,"[""モジュール定義!U295""]"
モジュール定義,296,{},0,未決,,確定の明示なし,"[""モジュール定義!U296""]"
モジュール定義,297,{},0,未決,,確定の明示なし,"[""モジュール定義!U297""]"
モジュール定義,298,{},0,未決,,確定の明示なし,"[""モジュール定義!U298""]"
モジュール定義,299,{},0,未決,,確定の明示なし,"[""モジュール定義!U299""]"
モジュール定義,300,{},0,未決,,確定の明示なし,"[""モジュール定義!U300""]"
モジュール定義,301,{},0,未決,,確定の明示なし,"[""モジュール定義!U301""]"
モジュール定義,302,{},0,未決,,確定の明示なし,"[""モジュール定義!U302""]"
モジュール定義,303,{},0,未決,,確定の明示なし,"[""モジュール定義!U303""]"
モジュール定義,304,{},0,未決,,確定の明示なし,"[""モジュール定義!U304""]"
モジュール定義,305,{},0,未決,,確定の明示なし,"[""モジュール定義!U305""]"
モジュール定義,306,{},0,未決,,確定の明示なし,"[""モジュール定義!U306""]"
モジュール定義,307,{},0,未決,,確定の明示なし,"[""モジュール定義!U307""]"
モジュール定義,308,{},0,未決,,確定の明示なし,"[""モジュール定義!U308""]"
モジュール定義,309,{},0,未決,,確定の明示なし,"[""モジュール定義!U309""]"
モジュール定義,310,{},0,未決,,確定の明示なし,"[""モジュール定義!U310""]"
モジュール定義,311,{},0,未決,,確定の明示なし,"[""モジュール定義!U311""]"
モジュール定義,312,{},0,未決,,確定の明示なし,"[""モジュール定義!U312""]"
モジュール定義,313,{},0,未決,,確定の明示なし,"[""モジュール定義!U313""]"
モジュール定義,314,{},0,未決,,確定の明示なし,"[""モジュール定義!U314""]"
モジュール定義,315,{},0,未決,,確定の明示なし,"[""モジュール定義!U315""]"
モジュール定義,316,{},0,未決,,確定の明示なし,"[""モジュール定義!U316""]"
モジュール定義,317,{},0,未決,,確定の明示なし,"[""モジュール定義!U317""]"
モジュール定義,318,{},0,未決,,確定の明示なし,"[""モジュール定義!U318""]"
モジュール定義,319,{},0,未決,,確定の明示なし,"[""モジュール定義!U319""]"
モジュール定義,320,{},0,未決,,確定の明示なし,"[""モジュール定義!U320""]"
モジュール定義,321,{},0,未決,,確定の明示なし,"[""モジュール定義!U321""]"
モジュール定義,322,{},0,未決,,確定の明示なし,"[""モジュール定義!U322""]"
モジュール定義,323,{},0,未決,,確定の明示なし,"[""モジュール定義!U323""]"
モジュール定義,324,{},0,未決,,確定の明示なし,"[""モジュール定義!U324""]"
モジュール定義,325,{},0,未決,,確定の明示なし,"[""モジュール定義!U325""]"
モジュール定義,326,{},0,未決,,確定の明示なし,"[""モジュール定義!U326""]"
モジュール定義,327,{},0,未決,,確定の明示なし,"[""モジュール定義!U327""]"
モジュール定義,328,{},0,未決,,確定の明示なし,"[""モジュール定義!U328""]"
モジュール定義,329,{},0,未決,,確定の明示なし,"[""モジュール定義!U329""]"
モジュール定義,330,{},0,未決,,確定の明示なし,"[""モジュール定義!U330""]"
モジュール定義,331,{},0,未決,,確定の明示なし,"[""モジュール定義!U331""]"
モジュール定義,332,{},0,未決,,確定の明示なし,"[""モジュール定義!U332""]"
モジュール定義,333,{},0,未決,,確定の明示なし,"[""モジュール定義!U333""]"
モジュール定義,334,{},0,未決,,確定の明示なし,"[""モジュール定義!U334""]"
モジュール定義,335,{},0,未決,,確定の明示なし,"[""モジュール定義!U335""]"
モジュール定義,336,{},0,未決,,確定の明示なし,"[""モジュール定義!U336""]"
モジュール定義,337,{},0,未決,,確定の明示なし,"[""モジュール定義!U337""]"
モジュール定義,338,{},0,未決,,確定の明示なし,"[""モジュール定義!U338""]"
モジュール定義,339,{},0,未決,,確定の明示なし,"[""モジュール定義!U339""]"
モジュール定義,340,{},0,未決,,確定の明示なし,"[""モジュール定義!U340""]"
モジュール定義,341,{},0,未決,,確定の明示なし,"[""モジュール定義!U341""]"
モジュール定義,342,{},0,未決,,確定の明示なし,"[""モジュール定義!U342""]"
モジュール定義,343,{},0,未決,,確定の明示なし,"[""モジュール定義!U343""]"
モジュール定義,344,{},0,未決,,確定の明示なし,"[""モジュール定義!U344""]"
モジュール定義,345,{},0,未決,,確定の明示なし,"[""モジュール定義!U345""]"
モジュール定義,346,{},0,未決,,確定の明示なし,"[""モジュール定義!U346""]"
モジュール定義,347,{},0,未決,,確定の明示なし,"[""モジュール定義!U347""]"
モジュール定義,348,{},0,未決,,確定の明示なし,"[""モジュール定義!U348""]"
モジュール定義,349,{},0,未決,,確定の明示なし,"[""モジュール定義!U349""]"
モジュール定義,350,{},0,未決,,確定の明示なし,"[""モジュール定義!U350""]"
モジュール定義,351,{},0,未決,,確定の明示なし,"[""モジュール定義!U351""]"
モジュール定義,352,{},0,未決,,確定の明示なし,"[""モジュール定義!U352""]"
モジュール定義,353,{},0,未決,,確定の明示なし,"[""モジュール定義!U353""]"
モジュール定義,354,{},0,未決,,確定の明示なし,"[""モジュール定義!U354""]"
モジュール定義,355,{},0,未決,,確定の明示なし,"[""モジュール定義!U355""]"
モジュール定義,356,{},0,未決,,確定の明示なし,"[""モジュール定義!U356""]"
モジュール定義,357,{},0,未決,,確定の明示なし,"[""モジュール定義!U357""]"
モジュール定義,358,{},0,未決,,確定の明示なし,"[""モジュール定義!U358""]"
モジュール定義,359,{},0,未決,,確定の明示なし,"[""モジュール定義!U359""]"
モジュール定義,360,{},0,未決,,確定の明示なし,"[""モジュール定義!U360""]"
モジュール定義,361,{},0,未決,,確定の明示なし,"[""モジュール定義!U361""]"
モジュール定義,362,{},0,未決,,確定の明示なし,"[""モジュール定義!U362""]"
モジュール定義,363,{},0,未決,,確定の明示なし,"[""モジュール定義!U363""]"
モジュール定義,364,{},0,未決,,確定の明示なし,"[""モジュール定義!U364""]"
モジュール定義,365,{},0,未決,,確定の明示なし,"[""モジュール定義!U365""]"
モジュール定義,366,{},0,未決,,確定の明示なし,"[""モジュール定義!U366""]"
モジュール定義,367,{},0,未決,,確定の明示なし,"[""モジュール定義!U367""]"
モジュール定義,368,{},0,未決,,確定の明示なし,"[""モジュール定義!U368""]"
モジュール定義,369,{},0,未決,,確定の明示なし,"[""モジュール定義!U369""]"
モジュール定義,370,{},0,未決,,確定の明示なし,"[""モジュール定義!U370""]"
モジュール定義,371,{},0,未決,,確定の明示なし,"[""モジュール定義!U371""]"
モジュール定義,372,{},0,未決,,確定の明示なし,"[""モジュール定義!U372""]"
モジュール定義,373,{},0,未決,,確定の明示なし,"[""モジュール定義!U373""]"
モジュール定義,374,{},0,未決,,確定の明示なし,"[""モジュール定義!U374""]"
モジュール定義,375,{},0,未決,,確定の明示なし,"[""モジュール定義!U375""]"
モジュール定義,376,{},0,未決,,確定の明示なし,"[""モジュール定義!U376""]"
モジュール定義,377,{},0,未決,,確定の明示なし,"[""モジュール定義!U377""]"
モジュール定義,378,{},0,未決,,確定の明示なし,"[""モジュール定義!U378""]"
モジュール定義,379,{},0,未決,,確定の明示なし,"[""モジュール定義!U379""]"
モジュール定義,380,{},0,未決,,確定の明示なし,"[""モジュール定義!U380""]"
モジュール定義,381,{},0,未決,,確定の明示なし,"[""モジュール定義!U381""]"
モジュール定義,382,{},0,未決,,確定の明示なし,"[""モジュール定義!U382""]"
モジュール定義,383,{},0,未決,,確定の明示なし,"[""モジュール定義!U383""]"
モジュール定義,384,{},0,未決,,確定の明示なし,"[""モジュール定義!U384""]"
モジュール定義,385,{},0,未決,,確定の明示なし,"[""モジュール定義!U385""]"
モジュール定義,386,{},0,未決,,確定の明示なし,"[""モジュール定義!U386""]"
モジュール定義,387,{},0,未決,,確定の明示なし,"[""モジュール定義!U387""]"
モジュール定義,388,{},0,未決,,確定の明示なし,"[""モジュール定義!U388""]"
モジュール定義,389,{},0,未決,,確定の明示なし,"[""モジュール定義!U389""]"
モジュール定義,390,{},0,未決,,確定の明示なし,"[""モジュール定義!U390""]"
モジュール定義,391,{},0,未決,,確定の明示なし,"[""モジュール定義!U391""]"
モジュール定義,392,{},0,未決,,確定の明示なし,"[""モジュール定義!U392""]"
モジュール定義,393,{},0,未決,,確定の明示なし,"[""モジュール定義!U393""]"
モジュール定義,394,{},0,未決,,確定の明示なし,"[""モジュール定義!U394""]"
モジュール定義,395,{},0,未決,,確定の明示なし,"[""モジュール定義!U395""]"
モジュール定義,396,{},0,未決,,確定の明示なし,"[""モジュール定義!U396""]"
モジュール定義,397,{},0,未決,,確定の明示なし,"[""モジュール定義!U397""]"
モジュール定義,398,{},0,未決,,確定の明示なし,"[""モジュール定義!U398""]"
モジュール定義,399,{},0,未決,,確定の明示なし,"[""モジュール定義!U399""]"
モジュール定義,400,{},0,未決,,確定の明示なし,"[""モジュール定義!U400""]"
モジュール定義,401,{},0,未決,,確定の明示なし,"[""モジュール定義!U401""]"
モジュール定義,402,{},0,未決,,確定の明示なし,"[""モジュール定義!U402""]"
モジュール定義,403,{},0,未決,,確定の明示なし,"[""モジュール定義!U403""]"
モジュール定義,404,{},0,未決,,確定の明示なし,"[""モジュール定義!U404""]"
モジュール定義,405,{},0,未決,,確定の明示なし,"[""モジュール定義!U405""]"
モジュール定義,406,{},0,未決,,確定の明示なし,"[""モジュール定義!U406""]"
モジュール定義,407,{},0,未決,,確定の明示なし,"[""モジュール定義!U407""]"
モジュール定義,408,{},0,未決,,確定の明示なし,"[""モジュール定義!U408""]"
モジュール定義,409,{},0,未決,,確定の明示なし,"[""モジュール定義!U409""]"
モジュール定義,410,{},0,未決,,確定の明示なし,"[""モジュール定義!U410""]"
モジュール定義,411,{},0,未決,,確定の明示なし,"[""モジュール定義!U411""]"
モジュール定義,412,{},0,未決,,確定の明示なし,"[""モジュール定義!U412""]"
モジュール定義,413,{},0,未決,,確定の明示なし,"[""モジュール定義!U413""]"
モジュール定義,414,{},0,未決,,確定の明示なし,"[""モジュール定義!U414""]"
モジュール定義,415,{},0,未決,,確定の明示なし,"[""モジュール定義!U415""]"
モジュール定義,416,{},0,未決,,確定の明示なし,"[""モジュール定義!U416""]"
モジュール定義,417,{},0,未決,,確定の明示なし,"[""モジュール定義!U417""]"
モジュール定義,418,{},0,未決,,確定の明示なし,"[""モジュール定義!U418""]"
モジュール定義,419,{},0,未決,,確定の明示なし,"[""モジュール定義!U419""]"
モジュール定義,420,{},0,未決,,確定の明示なし,"[""モジュール定義!U420""]"
モジュール定義,421,{},0,未決,,確定の明示なし,"[""モジュール定義!U421""]"
モジュール定義,422,{},0,未決,,確定の明示なし,"[""モジュール定義!U422""]"
モジュール定義,423,{},0,未決,,確定の明示なし,"[""モジュール定義!U423""]"
モジュール定義,424,{},0,未決,,確定の明示なし,"[""モジュール定義!U424""]"
モジュール定義,425,{},0,未決,,確定の明示なし,"[""モジュール定義!U425""]"
モジュール定義,426,{},0,未決,,確定の明示なし,"[""モジュール定義!U426""]"
モジュール定義,427,{},0,未決,,確定の明示なし,"[""モジュール定義!U427""]"
モジュール定義,428,{},0,未決,,確定の明示なし,"[""モジュール定義!U428""]"
モジュール定義,429,{},0,未決,,確定の明示なし,"[""モジュール定義!U429""]"
モジュール定義,430,{},0,未決,,確定の明示なし,"[""モジュール定義!U430""]"
モジュール定義,431,{},0,未決,,確定の明示なし,"[""モジュール定義!U431""]"
モジュール定義,432,{},0,未決,,確定の明示なし,"[""モジュール定義!U432""]"
モジュール定義,433,{},0,未決,,確定の明示なし,"[""モジュール定義!U433""]"
モジュール定義,434,{},0,未決,,確定の明示なし,"[""モジュール定義!U434""]"
モジュール定義,435,{},0,未決,,確定の明示なし,"[""モジュール定義!U435""]"
モジュール定義,436,{},0,未決,,確定の明示なし,"[""モジュール定義!U436""]"
モジュール定義,437,{},0,未決,,確定の明示なし,"[""モジュール定義!U437""]"
モジュール定義,438,{},0,未決,,確定の明示なし,"[""モジュール定義!U438""]"
モジュール定義,439,{},0,未決,,確定の明示なし,"[""モジュール定義!U439""]"
モジュール定義,440,{},0,未決,,確定の明示なし,"[""モジュール定義!U440""]"
モジュール定義,441,{},0,未決,,確定の明示なし,"[""モジュール定義!U441""]"
モジュール定義,442,{},0,未決,,確定の明示なし,"[""モジュール定義!U442""]"
モジュール定義,443,{},0,未決,,確定の明示なし,"[""モジュール定義!U443""]"
モジュール定義,444,{},0,未決,,確定の明示なし,"[""モジュール定義!U444""]"
モジュール定義,445,{},0,未決,,確定の明示なし,"[""モジュール定義!U445""]"
モジュール定義,446,{},0,未決,,確定の明示なし,"[""モジュール定義!U446""]"
モジュール定義,447,{},0,未決,,確定の明示なし,"[""モジュール定義!U447""]"
モジュール定義,448,{},0,未決,,確定の明示なし,"[""モジュール定義!U448""]"
モジュール定義,449,{},0,未決,,確定の明示なし,"[""モジュール定義!U449""]"
モジュール定義,450,{},0,未決,,確定の明示なし,"[""モジュール定義!U450""]"
モジュール定義,451,{},0,未決,,確定の明示なし,"[""モジュール定義!U451""]"
モジュール定義,452,{},0,未決,,確定の明示なし,"[""モジュール定義!U452""]"
モジュール定義,453,{},0,未決,,確定の明示なし,"[""モジュール定義!U453""]"
モジュール定義,454,{},0,未決,,確定の明示なし,"[""モジュール定義!U454""]"
モジュール定義,455,{},0,未決,,確定の明示なし,"[""モジュール定義!U455""]"
モジュール定義,456,{},0,未決,,確定の明示なし,"[""モジュール定義!U456""]"
モジュール定義,457,{},0,未決,,確定の明示なし,"[""モジュール定義!U457""]"
モジュール定義,458,{},0,未決,,確定の明示なし,"[""モジュール定義!U458""]"
モジュール定義,459,{},0,未決,,確定の明示なし,"[""モジュール定義!U459""]"
モジュール定義,460,{},0,未決,,確定の明示なし,"[""モジュール定義!U460""]"
モジュール定義,461,{},0,未決,,確定の明示なし,"[""モジュール定義!U461""]"
モジュール定義,462,{},0,未決,,確定の明示なし,"[""モジュール定義!U462""]"
モジュール定義,463,{},0,未決,,確定の明示なし,"[""モジュール定義!U463""]"
モジュール定義,464,{},0,未決,,確定の明示なし,"[""モジュール定義!U464""]"
モジュール定義,465,{},0,未決,,確定の明示なし,"[""モジュール定義!U465""]"
モジュール定義,466,{},0,未決,,確定の明示なし,"[""モジュール定義!U466""]"
モジュール定義,467,{},0,未決,,確定の明示なし,"[""モジュール定義!U467""]"
モジュール定義,468,{},0,未決,,確定の明示なし,"[""モジュール定義!U468""]"
モジュール定義,469,{},0,未決,,確定の明示なし,"[""モジュール定義!U469""]"
モジュール定義,470,{},0,未決,,確定の明示なし,"[""モジュール定義!U470""]"
モジュール定義,471,{},0,未決,,確定の明示なし,"[""モジュール定義!U471""]"
モジュール定義,472,{},0,未決,,確定の明示なし,"[""モジュール定義!U472""]"
モジュール定義,473,{},0,未決,,確定の明示なし,"[""モジュール定義!U473""]"
モジュール定義,474,{},0,未決,,確定の明示なし,"[""モジュール定義!U474""]"
モジュール定義,475,{},0,未決,,確定の明示なし,"[""モジュール定義!U475""]"
モジュール定義,476,{},0,未決,,確定の明示なし,"[""モジュール定義!U476""]"
モジュール定義,477,{},0,未決,,確定の明示なし,"[""モジュール定義!U477""]"
モジュール定義,478,{},0,未決,,確定の明示なし,"[""モジュール定義!U478""]"
モジュール定義,479,{},0,未決,,確定の明示なし,"[""モジュール定義!U479""]"
モジュール定義,480,{},0,未決,,確定の明示なし,"[""モジュール定義!U480""]"
モジュール定義,481,{},0,未決,,確定の明示なし,"[""モジュール定義!U481""]"
モジュール定義,482,{},0,未決,,確定の明示なし,"[""モジュール定義!U482""]"
モジュール定義,483,{},0,未決,,確定の明示なし,"[""モジュール定義!U483""]"
モジュール定義,484,{},0,未決,,確定の明示なし,"[""モジュール定義!U484""]"
モジュール定義,485,{},0,未決,,確定の明示なし,"[""モジュール定義!U485""]"
モジュール定義,486,{},0,未決,,確定の明示なし,"[""モジュール定義!U486""]"
モジュール定義,487,{},0,未決,,確定の明示なし,"[""モジュール定義!U487""]"
モジュール定義,488,{},0,未決,,確定の明示なし,"[""モジュール定義!U488""]"
モジュール定義,489,{},0,未決,,確定の明示なし,"[""モジュール定義!U489""]"
モジュール定義,490,{},0,未決,,確定の明示なし,"[""モジュール定義!U490""]"
モジュール定義,491,{},0,未決,,確定の明示なし,"[""モジュール定義!U491""]"
モジュール定義,492,{},0,未決,,確定の明示なし,"[""モジュール定義!U492""]"
モジュール定義,493,{},0,未決,,確定の明示なし,"[""モジュール定義!U493""]"
モジュール定義,494,{},0,未決,,確定の明示なし,"[""モジュール定義!U494""]"
モジュール定義,495,{},0,未決,,確定の明示なし,"[""モジュール定義!U495""]"
モジュール定義,496,{},0,未決,,確定の明示なし,"[""モジュール定義!U496""]"
モジュール定義,497,{},0,未決,,確定の明示なし,"[""モジュール定義!U497""]"
モジュール定義,498,{},0,未決,,確定の明示なし,"[""モジュール定義!U498""]"
モジュール定義,499,{},0,未決,,確定の明示なし,"[""モジュール定義!U499""]"
モジュール定義,500,{},0,未決,,確定の明示なし,"[""モジュール定義!U500""]"
モジュール定義,501,{},0,未決,,確定の明示なし,"[""モジュール定義!U501""]"
モジュール定義,502,{},0,未決,,確定の明示なし,"[""モジュール定義!U502""]"
モジュール定義,503,{},0,未決,,確定の明示なし,"[""モジュール定義!U503""]"
モジュール定義,504,{},0,未決,,確定の明示なし,"[""モジュール定義!U504""]"
モジュール定義,505,{},0,未決,,確定の明示なし,"[""モジュール定義!U505""]"
モジュール定義,506,{},0,未決,,確定の明示なし,"[""モジュール定義!U506""]"
モジュール定義,507,{},0,未決,,確定の明示なし,"[""モジュール定義!U507""]"
モジュール定義,508,{},0,未決,,確定の明示なし,"[""モジュール定義!U508""]"
モジュール定義,509,{},0,未決,,確定の明示なし,"[""モジュール定義!U509""]"
モジュール定義,510,{},0,未決,,確定の明示なし,"[""モジュール定義!U510""]"
モジュール定義,511,{},0,未決,,確定の明示なし,"[""モジュール定義!U511""]"
モジュール定義,512,{},0,未決,,確定の明示なし,"[""モジュール定義!U512""]"
モジュール定義,513,{},0,未決,,確定の明示なし,"[""モジュール定義!U513""]"
モジュール定義,514,{},0,未決,,確定の明示なし,"[""モジュール定義!U514""]"
モジュール定義,515,{},0,未決,,確定の明示なし,"[""モジュール定義!U515""]"
モジュール定義,516,{},0,未決,,確定の明示なし,"[""モジュール定義!U516""]"
モジュール定義,517,{},0,未決,,確定の明示なし,"[""モジュール定義!U517""]"
モジュール定義,518,{},0,未決,,確定の明示なし,"[""モジュール定義!U518""]"
モジュール定義,519,{},0,未決,,確定の明示なし,"[""モジュール定義!U519""]"
モジュール定義,520,{},0,未決,,確定の明示なし,"[""モジュール定義!U520""]"
モジュール定義,521,{},0,未決,,確定の明示なし,"[""モジュール定義!U521""]"
モジュール定義,522,{},0,未決,,確定の明示なし,"[""モジュール定義!U522""]"
モジュール定義,523,{},0,未決,,確定の明示なし,"[""モジュール定義!U523""]"
モジュール定義,524,{},0,未決,,確定の明示なし,"[""モジュール定義!U524""]"
モジュール定義,525,{},0,未決,,確定の明示なし,"[""モジュール定義!U525""]"
モジュール定義,526,{},0,未決,,確定の明示なし,"[""モジュール定義!U526""]"
モジュール定義,527,{},0,未決,,確定の明示なし,"[""モジュール定義!U527""]"
モジュール定義,528,{},0,未決,,確定の明示なし,"[""モジュール定義!U528""]"
モジュール定義,529,{},0,未決,,確定の明示なし,"[""モジュール定義!U529""]"
モジュール定義,530,{},0,未決,,確定の明示なし,"[""モジュール定義!U530""]"
モジュール定義,531,{},0,未決,,確定の明示なし,"[""モジュール定義!U531""]"
モジュール定義,532,{},0,未決,,確定の明示なし,"[""モジュール定義!U532""]"
モジュール定義,533,{},0,未決,,確定の明示なし,"[""モジュール定義!U533""]"
モジュール定義,534,{},0,未決,,確定の明示なし,"[""モジュール定義!U534""]"
モジュール定義,535,{},0,未決,,確定の明示なし,"[""モジュール定義!U535""]"
モジュール定義,536,{},0,未決,,確定の明示なし,"[""モジュール定義!U536""]"
モジュール定義,537,{},0,未決,,確定の明示なし,"[""モジュール定義!U537""]"
モジュール定義,538,{},0,未決,,確定の明示なし,"[""モジュール定義!U538""]"
モジュール定義,539,{},0,未決,,確定の明示なし,"[""モジュール定義!U539""]"
モジュール定義,540,{},0,未決,,確定の明示なし,"[""モジュール定義!U540""]"
モジュール定義,541,{},0,未決,,確定の明示なし,"[""モジュール定義!U541""]"
モジュール定義,542,{},0,未決,,確定の明示なし,"[""モジュール定義!U542""]"
モジュール定義,543,{},0,未決,,確定の明示なし,"[""モジュール定義!U543""]"
モジュール定義,544,{},0,未決,,確定の明示なし,"[""モジュール定義!U544""]"
モジュール定義,545,{},0,未決,,確定の明示なし,"[""モジュール定義!U545""]"
モジュール定義,546,{},0,未決,,確定の明示なし,"[""モジュール定義!U546""]"
モジュール定義,547,{},0,未決,,確定の明示なし,"[""モジュール定義!U547""]"
モジュール定義,548,{},0,未決,,確定の明示なし,"[""モジュール定義!U548""]"
モジュール定義,549,{},0,未決,,確定の明示なし,"[""モジュール定義!U549""]"
モジュール定義,550,{},0,未決,,確定の明示なし,"[""モジュール定義!U550""]"
モジュール定義,551,{},0,未決,,確定の明示なし,"[""モジュール定義!U551""]"
モジュール定義,552,{},0,未決,,確定の明示なし,"[""モジュール定義!U552""]"
モジュール定義,553,{},0,未決,,確定の明示なし,"[""モジュール定義!U553""]"
モジュール定義,554,{},0,未決,,確定の明示なし,"[""モジュール定義!U554""]"
モジュール定義,555,{},0,未決,,確定の明示なし,"[""モジュール定義!U555""]"
モジュール定義,556,{},0,未決,,確定の明示なし,"[""モジュール定義!U556""]"
モジュール定義,557,{},0,未決,,確定の明示なし,"[""モジュール定義!U557""]"
モジュール定義,558,{},0,未決,,確定の明示なし,"[""モジュール定義!U558""]"
モジュール定義,559,{},0,未決,,確定の明示なし,"[""モジュール定義!U559""]"
モジュール定義,560,{},0,未決,,確定の明示なし,"[""モジュール定義!U560""]"
モジュール定義,561,{},0,未決,,確定の明示なし,"[""モジュール定義!U561""]"
モジュール定義,562,{},0,未決,,確定の明示なし,"[""モジュール定義!U562""]"
モジュール定義,563,{},0,未決,,確定の明示なし,"[""モジュール定義!U563""]"
モジュール定義,564,{},0,未決,,確定の明示なし,"[""モジュール定義!U564""]"
モジュール定義,565,{},0,未決,,確定の明示なし,"[""モジュール定義!U565""]"
モジュール定義,566,{},0,未決,,確定の明示なし,"[""モジュール定義!U566""]"
モジュール定義,567,{},0,未決,,確定の明示なし,"[""モジュール定義!U567""]"
モジュール定義,568,{},0,未決,,確定の明示なし,"[""モジュール定義!U568""]"
モジュール定義,569,{},0,未決,,確定の明示なし,"[""モジュール定義!U569""]"
モジュール定義,570,{},0,未決,,確定の明示なし,"[""モジュール定義!U570""]"
モジュール定義,571,{},0,未決,,確定の明示なし,"[""モジュール定義!U571""]"
モジュール定義,572,{},0,未決,,確定の明示なし,"[""モジュール定義!U572""]"
モジュール定義,573,{},0,未決,,確定の明示なし,"[""モジュール定義!U573""]"
モジュール定義,574,{},0,未決,,確定の明示なし,"[""モジュール定義!U574""]"
モジュール定義,575,{},0,未決,,確定の明示なし,"[""モジュール定義!U575""]"
モジュール定義,576,{},0,未決,,確定の明示なし,"[""モジュール定義!U576""]"
モジュール定義,577,{},0,未決,,確定の明示なし,"[""モジュール定義!U577""]"
モジュール定義,578,{},0,未決,,確定の明示なし,"[""モジュール定義!U578""]"
モジュール定義,579,{},0,未決,,確定の明示なし,"[""モジュール定義!U579""]"
モジュール定義,580,{},0,未決,,確定の明示なし,"[""モジュール定義!U580""]"
モジュール定義,581,{},0,未決,,確定の明示なし,"[""モジュール定義!U581""]"
モジュール定義,582,{},0,未決,,確定の明示なし,"[""モジュール定義!U582""]"
モジュール定義,583,{},0,未決,,確定の明示なし,"[""モジュール定義!U583""]"
モジュール定義,584,{},0,未決,,確定の明示なし,"[""モジュール定義!U584""]"
モジュール定義,585,{},0,未決,,確定の明示なし,"[""モジュール定義!U585""]"
モジュール定義,586,{},0,未決,,確定の明示なし,"[""モジュール定義!U586""]"
モジュール定義,587,{},0,未決,,確定の明示なし,"[""モジュール定義!U587""]"
モジュール定義,588,{},0,未決,,確定の明示なし,"[""モジュール定義!U588""]"
モジュール定義,589,{},0,未決,,確定の明示なし,"[""モジュール定義!U589""]"
モジュール定義,590,{},0,未決,,確定の明示なし,"[""モジュール定義!U590""]"
モジュール定義,591,{},0,未決,,確定の明示なし,"[""モジュール定義!U591""]"
モジュール定義,592,{},0,未決,,確定の明示なし,"[""モジュール定義!U592""]"
モジュール定義,593,{},0,未決,,確定の明示なし,"[""モジュール定義!U593""]"
モジュール定義,594,{},0,未決,,確定の明示なし,"[""モジュール定義!U594""]"
モジュール定義,595,{},0,未決,,確定の明示なし,"[""モジュール定義!U595""]"
モジュール定義,596,{},0,未決,,確定の明示なし,"[""モジュール定義!U596""]"
モジュール定義,597,{},0,未決,,確定の明示なし,"[""モジュール定義!U597""]"
モジュール定義,598,{},0,未決,,確定の明示なし,"[""モジュール定義!U598""]"
モジュール定義,599,{},0,未決,,確定の明示なし,"[""モジュール定義!U599""]"
モジュール定義,600,{},0,未決,,確定の明示なし,"[""モジュール定義!U600""]"
モジュール定義,601,{},0,未決,,確定の明示なし,"[""モジュール定義!U601""]"
モジュール定義,602,{},0,未決,,確定の明示なし,"[""モジュール定義!U602""]"
モジュール定義,603,{},0,未決,,確定の明示なし,"[""モジュール定義!U603""]"
モジュール定義,604,{},0,未決,,確定の明示なし,"[""モジュール定義!U604""]"
モジュール定義,605,{},0,未決,,確定の明示なし,"[""モジュール定義!U605""]"
モジュール定義,606,{},0,未決,,確定の明示なし,"[""モジュール定義!U606""]"
モジュール定義,607,{},0,未決,,確定の明示なし,"[""モジュール定義!U607""]"
モジュール定義,608,{},0,未決,,確定の明示なし,"[""モジュール定義!U608""]"
モジュール定義,609,{},0,未決,,確定の明示なし,"[""モジュール定義!U609""]"
モジュール定義,610,{},0,未決,,確定の明示なし,"[""モジュール定義!U610""]"
モジュール定義,611,{},0,未決,,確定の明示なし,"[""モジュール定義!U611""]"
モジュール定義,612,{},0,未決,,確定の明示なし,"[""モジュール定義!U612""]"
モジュール定義,613,{},0,未決,,確定の明示なし,"[""モジュール定義!U613""]"
モジュール定義,614,{},0,未決,,確定の明示なし,"[""モジュール定義!U614""]"
モジュール定義,615,{},0,未決,,確定の明示なし,"[""モジュール定義!U615""]"
モジュール定義,616,{},0,未決,,確定の明示なし,"[""モジュール定義!U616""]"
モジュール定義,617,{},0,未決,,確定の明示なし,"[""モジュール定義!U617""]"
モジュール定義,618,{},0,未決,,確定の明示なし,"[""モジュール定義!U618""]"
モジュール定義,619,{},0,未決,,確定の明示なし,"[""モジュール定義!U619""]"
モジュール定義,620,{},0,未決,,確定の明示なし,"[""モジュール定義!U620""]"
モジュール定義,621,{},0,未決,,確定の明示なし,"[""モジュール定義!U621""]"
モジュール定義,622,{},0,未決,,確定の明示なし,"[""モジュール定義!U622""]"
モジュール定義,623,{},0,未決,,確定の明示なし,"[""モジュール定義!U623""]"
モジュール定義,624,{},0,未決,,確定の明示なし,"[""モジュール定義!U624""]"
モジュール定義,625,{},0,未決,,確定の明示なし,"[""モジュール定義!U625""]"
モジュール定義,626,{},0,未決,,確定の明示なし,"[""モジュール定義!U626""]"
モジュール定義,627,{},0,未決,,確定の明示なし,"[""モジュール定義!U627""]"
モジュール定義,628,{},0,未決,,確定の明示なし,"[""モジュール定義!U628""]"
モジュール定義,629,{},0,未決,,確定の明示なし,"[""モジュール定義!U629""]"
モジュール定義,630,{},0,未決,,確定の明示なし,"[""モジュール定義!U630""]"
モジュール定義,631,{},0,未決,,確定の明示なし,"[""モジュール定義!U631""]"
モジュール定義,632,{},0,未決,,確定の明示なし,"[""モジュール定義!U632""]"
モジュール定義,633,{},0,未決,,確定の明示なし,"[""モジュール定義!U633""]"
モジュール定義,634,{},0,未決,,確定の明示なし,"[""モジュール定義!U634""]"
モジュール定義,635,{},0,未決,,確定の明示なし,"[""モジュール定義!U635""]"
モジュール定義,636,{},0,未決,,確定の明示なし,"[""モジュール定義!U636""]"
モジュール定義,637,{},0,未決,,確定の明示なし,"[""モジュール定義!U637""]"
モジュール定義,638,{},0,未決,,確定の明示なし,"[""モジュール定義!U638""]"
モジュール定義,639,{},0,未決,,確定の明示なし,"[""モジュール定義!U639""]"
モジュール定義,640,{},0,未決,,確定の明示なし,"[""モジュール定義!U640""]"
モジュール定義,641,{},0,未決,,確定の明示なし,"[""モジュール定義!U641""]"
モジュール定義,642,{},0,未決,,確定の明示なし,"[""モジュール定義!U642""]"
モジュール定義,643,{},0,未決,,確定の明示なし,"[""モジュール定義!U643""]"
モジュール定義,644,{},0,未決,,確定の明示なし,"[""モジュール定義!U644""]"
モジュール定義,645,{},0,未決,,確定の明示なし,"[""モジュール定義!U645""]"
モジュール定義,646,{},0,未決,,確定の明示なし,"[""モジュール定義!U646""]"
モジュール定義,647,{},0,未決,,確定の明示なし,"[""モジュール定義!U647""]"
モジュール定義,648,{},0,未決,,確定の明示なし,"[""モジュール定義!U648""]"
モジュール定義,649,{},0,未決,,確定の明示なし,"[""モジュール定義!U649""]"
モジュール定義,650,{},0,未決,,確定の明示なし,"[""モジュール定義!U650""]"
モジュール定義,651,{},0,未決,,確定の明示なし,"[""モジュール定義!U651""]"
モジュール定義,652,{},0,未決,,確定の明示なし,"[""モジュール定義!U652""]"
モジュール定義,653,{},0,未決,,確定の明示なし,"[""モジュール定義!U653""]"
モジュール定義,654,{},0,未決,,確定の明示なし,"[""モジュール定義!U654""]"
モジュール定義,655,{},0,未決,,確定の明示なし,"[""モジュール定義!U655""]"
モジュール定義,656,{},0,未決,,確定の明示なし,"[""モジュール定義!U656""]"
モジュール定義,657,{},0,未決,,確定の明示なし,"[""モジュール定義!U657""]"
モジュール定義,658,{},0,未決,,確定の明示なし,"[""モジュール定義!U658""]"
モジュール定義,659,{},0,未決,,確定の明示なし,"[""モジュール定義!U659""]"
モジュール定義,660,{},0,未決,,確定の明示なし,"[""モジュール定義!U660""]"
モジュール定義,661,{},0,未決,,確定の明示なし,"[""モジュール定義!U661""]"
モジュール定義,662,{},0,未決,,確定の明示なし,"[""モジュール定義!U662""]"
モジュール定義,663,{},0,未決,,確定の明示なし,"[""モジュール定義!U663""]"
モジュール定義,664,{},0,未決,,確定の明示なし,"[""モジュール定義!U664""]"
モジュール定義,665,{},0,未決,,確定の明示なし,"[""モジュール定義!U665""]"
モジュール定義,666,{},0,未決,,確定の明示なし,"[""モジュール定義!U666""]"
モジュール定義,667,{},0,未決,,確定の明示なし,"[""モジュール定義!U667""]"
モジュール定義,668,{},0,未決,,確定の明示なし,"[""モジュール定義!U668""]"
モジュール定義,669,{},0,未決,,確定の明示なし,"[""モジュール定義!U669""]"
モジュール定義,670,{},0,未決,,確定の明示なし,"[""モジュール定義!U670""]"
モジュール定義,671,{},0,未決,,確定の明示なし,"[""モジュール定義!U671""]"
モジュール定義,672,{},0,未決,,確定の明示なし,"[""モジュール定義!U672""]"
モジュール定義,673,{},0,未決,,確定の明示なし,"[""モジュール定義!U673""]"
モジュール定義,674,{},0,未決,,確定の明示なし,"[""モジュール定義!U674""]"
モジュール定義,675,{},0,未決,,確定の明示なし,"[""モジュール定義!U675""]"
モジュール定義,676,{},0,未決,,確定の明示なし,"[""モジュール定義!U676""]"
モジュール定義,677,{},0,未決,,確定の明示なし,"[""モジュール定義!U677""]"
モジュール定義,678,{},0,未決,,確定の明示なし,"[""モジュール定義!U678""]"
モジュール定義,679,{},0,未決,,確定の明示なし,"[""モジュール定義!U679""]"
モジュール定義,680,{},0,未決,,確定の明示なし,"[""モジュール定義!U680""]"
モジュール定義,681,{},0,未決,,確定の明示なし,"[""モジュール定義!U681""]"
モジュール定義,682,{},0,未決,,確定の明示なし,"[""モジュール定義!U682""]"
モジュール定義,683,{},0,未決,,確定の明示なし,"[""モジュール定義!U683""]"
モジュール定義,684,{},0,未決,,確定の明示なし,"[""モジュール定義!U684""]"
モジュール定義,685,{},0,未決,,確定の明示なし,"[""モジュール定義!U685""]"
モジュール定義,686,{},0,未決,,確定の明示なし,"[""モジュール定義!U686""]"
モジュール定義,687,{},0,未決,,確定の明示なし,"[""モジュール定義!U687""]"
モジュール定義,688,{},0,未決,,確定の明示なし,"[""モジュール定義!U688""]"
モジュール定義,689,{},0,未決,,確定の明示なし,"[""モジュール定義!U689""]"
モジュール定義,690,{},0,未決,,確定の明示なし,"[""モジュール定義!U690""]"
モジュール定義,691,{},0,未決,,確定の明示なし,"[""モジュール定義!U691""]"
モジュール定義,692,{},0,未決,,確定の明示なし,"[""モジュール定義!U692""]"
モジュール定義,693,{},0,未決,,確定の明示なし,"[""モジュール定義!U693""]"
モジュール定義,694,{},0,未決,,確定の明示なし,"[""モジュール定義!U694""]"
モジュール定義,695,{},0,未決,,確定の明示なし,"[""モジュール定義!U695""]"
モジュール定義,696,{},0,未決,,確定の明示なし,"[""モジュール定義!U696""]"
モジュール定義,697,{},0,未決,,確定の明示なし,"[""モジュール定義!U697""]"
モジュール定義,698,{},0,未決,,確定の明示なし,"[""モジュール定義!U698""]"
モジュール定義,699,{},0,未決,,確定の明示なし,"[""モジュール定義!U699""]"
モジュール定義,700,{},0,未決,,確定の明示なし,"[""モジュール定義!U700""]"
モジュール定義,701,{},0,未決,,確定の明示なし,"[""モジュール定義!U701""]"
モジュール定義,702,{},0,未決,,確定の明示なし,"[""モジュール定義!U702""]"
モジュール定義,703,{},0,未決,,確定の明示なし,"[""モジュール定義!U703""]"
モジュール定義,704,{},0,未決,,確定の明示なし,"[""モジュール定義!U704""]"
モジュール定義,705,{},0,未決,,確定の明示なし,"[""モジュール定義!U705""]"
モジュール定義,706,{},0,未決,,確定の明示なし,"[""モジュール定義!U706""]"
モジュール定義,707,{},0,未決,,確定の明示なし,"[""モジュール定義!U707""]"
モジュール定義,708,{},0,未決,,確定の明示なし,"[""モジュール定義!U708""]"
モジュール定義,709,{},0,未決,,確定の明示なし,"[""モジュール定義!U709""]"
モジュール定義,710,{},0,未決,,確定の明示なし,"[""モジュール定義!U710""]"
モジュール定義,711,{},0,未決,,確定の明示なし,"[""モジュール定義!U711""]"
モジュール定義,712,{},0,未決,,確定の明示なし,"[""モジュール定義!U712""]"
モジュール定義,713,{},0,未決,,確定の明示なし,"[""モジュール定義!U713""]"
モジュール定義,714,{},0,未決,,確定の明示なし,"[""モジュール定義!U714""]"
モジュール定義,715,{},0,未決,,確定の明示なし,"[""モジュール定義!U715""]"
モジュール定義,716,{},0,未決,,確定の明示なし,"[""モジュール定義!U716""]"
モジュール定義,717,{},0,未決,,確定の明示なし,"[""モジュール定義!U717""]"
モジュール定義,718,{},0,未決,,確定の明示なし,"[""モジュール定義!U718""]"
モジュール定義,719,{},0,未決,,確定の明示なし,"[""モジュール定義!U719""]"
モジュール定義,720,{},0,未決,,確定の明示なし,"[""モジュール定義!U720""]"
モジュール定義,721,{},0,未決,,確定の明示なし,"[""モジュール定義!U721""]"
モジュール定義,722,{},0,未決,,確定の明示なし,"[""モジュール定義!U722""]"
モジュール定義,723,{},0,未決,,確定の明示なし,"[""モジュール定義!U723""]"
モジュール定義,724,{},0,未決,,確定の明示なし,"[""モジュール定義!U724""]"
モジュール定義,725,{},0,未決,,確定の明示なし,"[""モジュール定義!U725""]"
モジュール定義,726,{},0,未決,,確定の明示なし,"[""モジュール定義!U726""]"
モジュール定義,727,{},0,未決,,確定の明示なし,"[""モジュール定義!U727""]"
モジュール定義,728,{},0,未決,,確定の明示なし,"[""モジュール定義!U728""]"
モジュール定義,729,{},0,未決,,確定の明示なし,"[""モジュール定義!U729""]"
モジュール定義,730,{},0,未決,,確定の明示なし,"[""モジュール定義!U730""]"
モジュール定義,731,{},0,未決,,確定の明示なし,"[""モジュール定義!U731""]"
モジュール定義,732,{},0,未決,,確定の明示なし,"[""モジュール定義!U732""]"
モジュール定義,733,{},0,未決,,確定の明示なし,"[""モジュール定義!U733""]"
モジュール定義,734,{},0,未決,,確定の明示なし,"[""モジュール定義!U734""]"
モジュール定義,735,{},0,未決,,確定の明示なし,"[""モジュール定義!U735""]"
モジュール定義,736,{},0,未決,,確定の明示なし,"[""モジュール定義!U736""]"
モジュール定義,737,{},0,未決,,確定の明示なし,"[""モジュール定義!U737""]"
モジュール定義,738,{},0,未決,,確定の明示なし,"[""モジュール定義!U738""]"
モジュール定義,739,{},0,未決,,確定の明示なし,"[""モジュール定義!U739""]"
モジュール定義,740,{},0,未決,,確定の明示なし,"[""モジュール定義!U740""]"
モジュール定義,741,{},0,未決,,確定の明示なし,"[""モジュール定義!U741""]"
モジュール定義,742,{},0,未決,,確定の明示なし,"[""モジュール定義!U742""]"
モジュール定義,743,{},0,未決,,確定の明示なし,"[""モジュール定義!U743""]"
モジュール定義,744,{},0,未決,,確定の明示なし,"[""モジュール定義!U744""]"
モジュール定義,745,{},0,未決,,確定の明示なし,"[""モジュール定義!U745""]"
モジュール定義,746,{},0,未決,,確定の明示なし,"[""モジュール定義!U746""]"
モジュール定義,747,{},0,未決,,確定の明示なし,"[""モジュール定義!U747""]"
モジュール定義,748,{},0,未決,,確定の明示なし,"[""モジュール定義!U748""]"
モジュール定義,749,{},0,未決,,確定の明示なし,"[""モジュール定義!U749""]"
モジュール定義,750,{},0,未決,,確定の明示なし,"[""モジュール定義!U750""]"
モジュール定義,751,{},0,未決,,確定の明示なし,"[""モジュール定義!U751""]"
モジュール定義,752,{},0,未決,,確定の明示なし,"[""モジュール定義!U752""]"
モジュール定義,753,{},0,未決,,確定の明示なし,"[""モジュール定義!U753""]"
モジュール定義,754,{},0,未決,,確定の明示なし,"[""モジュール定義!U754""]"
モジュール定義,755,{},0,未決,,確定の明示なし,"[""モジュール定義!U755""]"
モジュール定義,756,{},0,未決,,確定の明示なし,"[""モジュール定義!U756""]"
モジュール定義,757,{},0,未決,,確定の明示なし,"[""モジュール定義!U757""]"
モジュール定義,758,{},0,未決,,確定の明示なし,"[""モジュール定義!U758""]"
モジュール定義,759,{},0,未決,,確定の明示なし,"[""モジュール定義!U759""]"
モジュール定義,760,{},0,未決,,確定の明示なし,"[""モジュール定義!U760""]"
モジュール定義,761,{},0,未決,,確定の明示なし,"[""モジュール定義!U761""]"
モジュール定義,762,{},0,未決,,確定の明示なし,"[""モジュール定義!U762""]"
モジュール定義,763,{},0,未決,,確定の明示なし,"[""モジュール定義!U763""]"
モジュール定義,764,{},0,未決,,確定の明示なし,"[""モジュール定義!U764""]"
モジュール定義,765,{},0,未決,,確定の明示なし,"[""モジュール定義!U765""]"
モジュール定義,766,{},0,未決,,確定の明示なし,"[""モジュール定義!U766""]"
モジュール定義,767,{},0,未決,,確定の明示なし,"[""モジュール定義!U767""]"
モジュール定義,768,{},0,未決,,確定の明示なし,"[""モジュール定義!U768""]"
モジュール定義,769,{},0,未決,,確定の明示なし,"[""モジュール定義!U769""]"
モジュール定義,770,{},0,未決,,確定の明示なし,"[""モジュール定義!U770""]"
モジュール定義,771,{},0,未決,,確定の明示なし,"[""モジュール定義!U771""]"
モジュール定義,772,{},0,未決,,確定の明示なし,"[""モジュール定義!U772""]"
モジュール定義,773,{},0,未決,,確定の明示なし,"[""モジュール定義!U773""]"
モジュール定義,774,{},0,未決,,確定の明示なし,"[""モジュール定義!U774""]"
モジュール定義,775,{},0,未決,,確定の明示なし,"[""モジュール定義!U775""]"
モジュール定義,776,{},0,未決,,確定の明示なし,"[""モジュール定義!U776""]"
モジュール定義,777,{},0,未決,,確定の明示なし,"[""モジュール定義!U777""]"
モジュール定義,778,{},0,未決,,確定の明示なし,"[""モジュール定義!U778""]"
モジュール定義,779,{},0,未決,,確定の明示なし,"[""モジュール定義!U779""]"
モジュール定義,780,{},0,未決,,確定の明示なし,"[""モジュール定義!U780""]"
モジュール定義,781,{},0,未決,,確定の明示なし,"[""モジュール定義!U781""]"
モジュール定義,782,{},0,未決,,確定の明示なし,"[""モジュール定義!U782""]"
モジュール定義,783,{},0,未決,,確定の明示なし,"[""モジュール定義!U783""]"
モジュール定義,784,{},0,未決,,確定の明示なし,"[""モジュール定義!U784""]"
モジュール定義,785,{},0,未決,,確定の明示なし,"[""モジュール定義!U785""]"
モジュール定義,786,{},0,未決,,確定の明示なし,"[""モジュール定義!U786""]"
モジュール定義,787,{},0,未決,,確定の明示なし,"[""モジュール定義!U787""]"
モジュール定義,788,{},0,未決,,確定の明示なし,"[""モジュール定義!U788""]"
モジュール定義,789,{},0,未決,,確定の明示なし,"[""モジュール定義!U789""]"
モジュール定義,790,{},0,未決,,確定の明示なし,"[""モジュール定義!U790""]"
モジュール定義,791,{},0,未決,,確定の明示なし,"[""モジュール定義!U791""]"
モジュール定義,792,{},0,未決,,確定の明示なし,"[""モジュール定義!U792""]"
モジュール定義,793,{},0,未決,,確定の明示なし,"[""モジュール定義!U793""]"
モジュール定義,794,{},0,未決,,確定の明示なし,"[""モジュール定義!U794""]"
モジュール定義,795,{},0,未決,,確定の明示なし,"[""モジュール定義!U795""]"
モジュール定義,796,{},0,未決,,確定の明示なし,"[""モジュール定義!U796""]"
モジュール定義,797,{},0,未決,,確定の明示なし,"[""モジュール定義!U797""]"
モジュール定義,798,{},0,未決,,確定の明示なし,"[""モジュール定義!U798""]"
モジュール定義,799,{},0,未決,,確定の明示なし,"[""モジュール定義!U799""]"
モジュール定義,800,{},0,未決,,確定の明示なし,"[""モジュール定義!U800""]"
モジュール定義,801,{},0,未決,,確定の明示なし,"[""モジュール定義!U801""]"
モジュール定義,802,{},0,未決,,確定の明示なし,"[""モジュール定義!U802""]"
モジュール定義,803,{},0,未決,,確定の明示なし,"[""モジュール定義!U803""]"
モジュール定義,804,{},0,未決,,確定の明示なし,"[""モジュール定義!U804""]"
モジュール定義,805,{},0,未決,,確定の明示なし,"[""モジュール定義!U805""]"
モジュール定義,806,{},0,未決,,確定の明示なし,"[""モジュール定義!U806""]"
モジュール定義,807,{},0,未決,,確定の明示なし,"[""モジュール定義!U807""]"
モジュール定義,808,{},0,未決,,確定の明示なし,"[""モジュール定義!U808""]"
モジュール定義,809,{},0,未決,,確定の明示なし,"[""モジュール定義!U809""]"
モジュール定義,810,{},0,未決,,確定の明示なし,"[""モジュール定義!U810""]"
モジュール定義,811,{},0,未決,,確定の明示なし,"[""モジュール定義!U811""]"
モジュール定義,812,{},0,未決,,確定の明示なし,"[""モジュール定義!U812""]"
モジュール定義,813,{},0,未決,,確定の明示なし,"[""モジュール定義!U813""]"
モジュール定義,814,{},0,未決,,確定の明示なし,"[""モジュール定義!U814""]"
モジュール定義,815,{},0,未決,,確定の明示なし,"[""モジュール定義!U815""]"
モジュール定義,816,{},0,未決,,確定の明示なし,"[""モジュール定義!U816""]"
モジュール定義,817,{},0,未決,,確定の明示なし,"[""モジュール定義!U817""]"
モジュール定義,818,{},0,未決,,確定の明示なし,"[""モジュール定義!U818""]"
モジュール定義,819,{},0,未決,,確定の明示なし,"[""モジュール定義!U819""]"
モジュール定義,820,{},0,未決,,確定の明示なし,"[""モジュール定義!U820""]"
モジュール定義,821,{},0,未決,,確定の明示なし,"[""モジュール定義!U821""]"
モジュール定義,822,{},0,未決,,確定の明示なし,"[""モジュール定義!U822""]"
モジュール定義,823,{},0,未決,,確定の明示なし,"[""モジュール定義!U823""]"
モジュール定義,824,{},0,未決,,確定の明示なし,"[""モジュール定義!U824""]"
モジュール定義,825,{},0,未決,,確定の明示なし,"[""モジュール定義!U825""]"
モジュール定義,826,{},0,未決,,確定の明示なし,"[""モジュール定義!U826""]"
モジュール定義,827,{},0,未決,,確定の明示なし,"[""モジュール定義!U827""]"
モジュール定義,828,{},0,未決,,確定の明示なし,"[""モジュール定義!U828""]"
モジュール定義,829,{},0,未決,,確定の明示なし,"[""モジュール定義!U829""]"
モジュール定義,830,{},0,未決,,確定の明示なし,"[""モジュール定義!U830""]"
モジュール定義,831,{},0,未決,,確定の明示なし,"[""モジュール定義!U831""]"
モジュール定義,832,{},0,未決,,確定の明示なし,"[""モジュール定義!U832""]"
モジュール定義,833,{},0,未決,,確定の明示なし,"[""モジュール定義!U833""]"
モジュール定義,834,{},0,未決,,確定の明示なし,"[""モジュール定義!U834""]"
モジュール定義,835,{},0,未決,,確定の明示なし,"[""モジュール定義!U835""]"
モジュール定義,836,{},0,未決,,確定の明示なし,"[""モジュール定義!U836""]"
モジュール定義,837,{},0,未決,,確定の明示なし,"[""モジュール定義!U837""]"
モジュール定義,838,{},0,未決,,確定の明示なし,"[""モジュール定義!U838""]"
モジュール定義,839,{},0,未決,,確定の明示なし,"[""モジュール定義!U839""]"
モジュール定義,840,{},0,未決,,確定の明示なし,"[""モジュール定義!U840""]"
モジュール定義,841,{},0,未決,,確定の明示なし,"[""モジュール定義!U841""]"
モジュール定義,842,{},0,未決,,確定の明示なし,"[""モジュール定義!U842""]"
モジュール定義,843,{},0,未決,,確定の明示なし,"[""モジュール定義!U843""]"
モジュール定義,844,{},0,未決,,確定の明示なし,"[""モジュール定義!U844""]"
モジュール定義,845,{},0,未決,,確定の明示なし,"[""モジュール定義!U845""]"
モジュール定義,846,{},0,未決,,確定の明示なし,"[""モジュール定義!U846""]"
モジュール定義,847,{},0,未決,,確定の明示なし,"[""モジュール定義!U847""]"
モジュール定義,848,{},0,未決,,確定の明示なし,"[""モジュール定義!U848""]"
モジュール定義,849,{},0,未決,,確定の明示なし,"[""モジュール定義!U849""]"
モジュール定義,850,{},0,未決,,確定の明示なし,"[""モジュール定義!U850""]"
モジュール定義,851,{},0,未決,,確定の明示なし,"[""モジュール定義!U851""]"
モジュール定義,852,{},0,未決,,確定の明示なし,"[""モジュール定義!U852""]"
モジュール定義,853,{},0,未決,,確定の明示なし,"[""モジュール定義!U853""]"
モジュール定義,854,{},0,未決,,確定の明示なし,"[""モジュール定義!U854""]"
モジュール定義,855,{},0,未決,,確定の明示なし,"[""モジュール定義!U855""]"
モジュール定義,856,{},0,未決,,確定の明示なし,"[""モジュール定義!U856""]"
モジュール定義,857,{},0,未決,,確定の明示なし,"[""モジュール定義!U857""]"
モジュール定義,858,{},0,未決,,確定の明示なし,"[""モジュール定義!U858""]"
モジュール定義,859,{},0,未決,,確定の明示なし,"[""モジュール定義!U859""]"
モジュール定義,860,{},0,未決,,確定の明示なし,"[""モジュール定義!U860""]"
モジュール定義,861,{},0,未決,,確定の明示なし,"[""モジュール定義!U861""]"
モジュール定義,862,{},0,未決,,確定の明示なし,"[""モジュール定義!U862""]"
モジュール定義,863,{},0,未決,,確定の明示なし,"[""モジュール定義!U863""]"
モジュール定義,864,{},0,未決,,確定の明示なし,"[""モジュール定義!U864""]"
モジュール定義,865,{},0,未決,,確定の明示なし,"[""モジュール定義!U865""]"
モジュール定義,866,{},0,未決,,確定の明示なし,"[""モジュール定義!U866""]"
モジュール定義,867,{},0,未決,,確定の明示なし,"[""モジュール定義!U867""]"
モジュール定義,868,{},0,未決,,確定の明示なし,"[""モジュール定義!U868""]"
モジュール定義,869,{},0,未決,,確定の明示なし,"[""モジュール定義!U869""]"
モジュール定義,870,{},0,未決,,確定の明示なし,"[""モジュール定義!U870""]"
モジュール定義,871,{},0,未決,,確定の明示なし,"[""モジュール定義!U871""]"
モジュール定義,872,{},0,未決,,確定の明示なし,"[""モジュール定義!U872""]"
モジュール定義,873,{},0,未決,,確定の明示なし,"[""モジュール定義!U873""]"
モジュール定義,874,{},0,未決,,確定の明示なし,"[""モジュール定義!U874""]"
モジュール定義,875,{},0,未決,,確定の明示なし,"[""モジュール定義!U875""]"
モジュール定義,876,{},0,未決,,確定の明示なし,"[""モジュール定義!U876""]"
モジュール定義,877,{},0,未決,,確定の明示なし,"[""モジュール定義!U877""]"
モジュール定義,878,{},0,未決,,確定の明示なし,"[""モジュール定義!U878""]"
モジュール定義,879,{},0,未決,,確定の明示なし,"[""モジュール定義!U879""]"
モジュール定義,880,{},0,未決,,確定の明示なし,"[""モジュール定義!U880""]"
モジュール定義,881,{},0,未決,,確定の明示なし,"[""モジュール定義!U881""]"
モジュール定義,882,{},0,未決,,確定の明示なし,"[""モジュール定義!U882""]"
モジュール定義,883,{},0,未決,,確定の明示なし,"[""モジュール定義!U883""]"
モジュール定義,884,{},0,未決,,確定の明示なし,"[""モジュール定義!U884""]"
モジュール定義,885,{},0,未決,,確定の明示なし,"[""モジュール定義!U885""]"
モジュール定義,886,{},0,未決,,確定の明示なし,"[""モジュール定義!U886""]"
モジュール定義,887,{},0,未決,,確定の明示なし,"[""モジュール定義!U887""]"
モジュール定義,888,{},0,未決,,確定の明示なし,"[""モジュール定義!U888""]"
モジュール定義,889,{},0,未決,,確定の明示なし,"[""モジュール定義!U889""]"
モジュール定義,890,{},0,未決,,確定の明示なし,"[""モジュール定義!U890""]"
モジュール定義,891,{},0,未決,,確定の明示なし,"[""モジュール定義!U891""]"
モジュール定義,892,{},0,未決,,確定の明示なし,"[""モジュール定義!U892""]"
モジュール定義,893,{},0,未決,,確定の明示なし,"[""モジュール定義!U893""]"
モジュール定義,894,{},0,未決,,確定の明示なし,"[""モジュール定義!U894""]"
モジュール定義,895,{},0,未決,,確定の明示なし,"[""モジュール定義!U895""]"
モジュール定義,896,{},0,未決,,確定の明示なし,"[""モジュール定義!U896""]"
モジュール定義,897,{},0,未決,,確定の明示なし,"[""モジュール定義!U897""]"
モジュール定義,898,{},0,未決,,確定の明示なし,"[""モジュール定義!U898""]"
モジュール定義,899,{},0,未決,,確定の明示なし,"[""モジュール定義!U899""]"
モジュール定義,900,{},0,未決,,確定の明示なし,"[""モジュール定義!U900""]"
モジュール定義,901,{},0,未決,,確定の明示なし,"[""モジュール定義!U901""]"
モジュール定義,902,{},0,未決,,確定の明示なし,"[""モジュール定義!U902""]"
モジュール定義,903,{},0,未決,,確定の明示なし,"[""モジュール定義!U903""]"
モジュール定義,904,{},0,未決,,確定の明示なし,"[""モジュール定義!U904""]"
モジュール定義,905,{},0,未決,,確定の明示なし,"[""モジュール定義!U905""]"
モジュール定義,906,{},0,未決,,確定の明示なし,"[""モジュール定義!U906""]"
モジュール定義,907,{},0,未決,,確定の明示なし,"[""モジュール定義!U907""]"
モジュール定義,908,{},0,未決,,確定の明示なし,"[""モジュール定義!U908""]"
モジュール定義,909,{},0,未決,,確定の明示なし,"[""モジュール定義!U909""]"
モジュール定義,910,{},0,未決,,確定の明示なし,"[""モジュール定義!U910""]"
モジュール定義,911,{},0,未決,,確定の明示なし,"[""モジュール定義!U911""]"
モジュール定義,912,{},0,未決,,確定の明示なし,"[""モジュール定義!U912""]"
モジュール定義,913,{},0,未決,,確定の明示なし,"[""モジュール定義!U913""]"
モジュール定義,914,{},0,未決,,確定の明示なし,"[""モジュール定義!U914""]"
モジュール定義,915,{},0,未決,,確定の明示なし,"[""モジュール定義!U915""]"
モジュール定義,916,{},0,未決,,確定の明示なし,"[""モジュール定義!U916""]"
モジュール定義,917,{},0,未決,,確定の明示なし,"[""モジュール定義!U917""]"
モジュール定義,918,{},0,未決,,確定の明示なし,"[""モジュール定義!U918""]"
モジュール定義,919,{},0,未決,,確定の明示なし,"[""モジュール定義!U919""]"
モジュール定義,920,{},0,未決,,確定の明示なし,"[""モジュール定義!U920""]"
モジュール定義,921,{},0,未決,,確定の明示なし,"[""モジュール定義!U921""]"
モジュール定義,922,{},0,未決,,確定の明示なし,"[""モジュール定義!U922""]"
モジュール定義,923,{},0,未決,,確定の明示なし,"[""モジュール定義!U923""]"
モジュール定義,924,{},0,未決,,確定の明示なし,"[""モジュール定義!U924""]"
モジュール定義,925,{},0,未決,,確定の明示なし,"[""モジュール定義!U925""]"
モジュール定義,926,{},0,未決,,確定の明示なし,"[""モジュール定義!U926""]"
モジュール定義,927,{},0,未決,,確定の明示なし,"[""モジュール定義!U927""]"
モジュール定義,928,{},0,未決,,確定の明示なし,"[""モジュール定義!U928""]"
モジュール定義,929,{},0,未決,,確定の明示なし,"[""モジュール定義!U929""]"
モジュール定義,930,{},0,未決,,確定の明示なし,"[""モジュール定義!U930""]"
モジュール定義,931,{},0,未決,,確定の明示なし,"[""モジュール定義!U931""]"
モジュール定義,932,{},0,未決,,確定の明示なし,"[""モジュール定義!U932""]"
モジュール定義,933,{},0,未決,,確定の明示なし,"[""モジュール定義!U933""]"
モジュール定義,934,{},0,未決,,確定の明示なし,"[""モジュール定義!U934""]"
モジュール定義,935,{},0,未決,,確定の明示なし,"[""モジュール定義!U935""]"
モジュール定義,936,{},0,未決,,確定の明示なし,"[""モジュール定義!U936""]"
モジュール定義,937,{},0,未決,,確定の明示なし,"[""モジュール定義!U937""]"
モジュール定義,938,{},0,未決,,確定の明示なし,"[""モジュール定義!U938""]"
モジュール定義,939,{},0,未決,,確定の明示なし,"[""モジュール定義!U939""]"
モジュール定義,940,{},0,未決,,確定の明示なし,"[""モジュール定義!U940""]"
モジュール定義,941,{},0,未決,,確定の明示なし,"[""モジュール定義!U941""]"
モジュール定義,942,{},0,未決,,確定の明示なし,"[""モジュール定義!U942""]"
モジュール定義,943,{},0,未決,,確定の明示なし,"[""モジュール定義!U943""]"
モジュール定義,944,{},0,未決,,確定の明示なし,"[""モジュール定義!U944""]"
モジュール定義,945,{},0,未決,,確定の明示なし,"[""モジュール定義!U945""]"
モジュール定義,946,{},0,未決,,確定の明示なし,"[""モジュール定義!U946""]"
モジュール定義,947,{},0,未決,,確定の明示なし,"[""モジュール定義!U947""]"
モジュール定義,948,{},0,未決,,確定の明示なし,"[""モジュール定義!U948""]"
モジュール定義,949,{},0,未決,,確定の明示なし,"[""モジュール定義!U949""]"
モジュール定義,950,{},0,未決,,確定の明示なし,"[""モジュール定義!U950""]"
モジュール定義,951,{},0,未決,,確定の明示なし,"[""モジュール定義!U951""]"
モジュール定義,952,{},0,未決,,確定の明示なし,"[""モジュール定義!U952""]"
モジュール定義,953,{},0,未決,,確定の明示なし,"[""モジュール定義!U953""]"
モジュール定義,954,{},0,未決,,確定の明示なし,"[""モジュール定義!U954""]"
モジュール定義,955,{},0,未決,,確定の明示なし,"[""モジュール定義!U955""]"
モジュール定義,956,{},0,未決,,確定の明示なし,"[""モジュール定義!U956""]"
モジュール定義,957,{},0,未決,,確定の明示なし,"[""モジュール定義!U957""]"
モジュール定義,958,{},0,未決,,確定の明示なし,"[""モジュール定義!U958""]"
モジュール定義,959,{},0,未決,,確定の明示なし,"[""モジュール定義!U959""]"
モジュール定義,960,{},0,未決,,確定の明示なし,"[""モジュール定義!U960""]"
モジュール定義,961,{},0,未決,,確定の明示なし,"[""モジュール定義!U961""]"
モジュール定義,962,{},0,未決,,確定の明示なし,"[""モジュール定義!U962""]"
モジュール定義,963,{},0,未決,,確定の明示なし,"[""モジュール定義!U963""]"
モジュール定義,964,{},0,未決,,確定の明示なし,"[""モジュール定義!U964""]"
モジュール定義,965,{},0,未決,,確定の明示なし,"[""モジュール定義!U965""]"
モジュール定義,966,{},0,未決,,確定の明示なし,"[""モジュール定義!U966""]"
モジュール定義,967,{},0,未決,,確定の明示なし,"[""モジュール定義!U967""]"
モジュール定義,968,{},0,未決,,確定の明示なし,"[""モジュール定義!U968""]"
モジュール定義,969,{},0,未決,,確定の明示なし,"[""モジュール定義!U969""]"
モジュール定義,970,{},0,未決,,確定の明示なし,"[""モジュール定義!U970""]"
モジュール定義,971,{},0,未決,,確定の明示なし,"[""モジュール定義!U971""]"
モジュール定義,972,{},0,未決,,確定の明示なし,"[""モジュール定義!U972""]"
モジュール定義,973,{},0,未決,,確定の明示なし,"[""モジュール定義!U973""]"
モジュール定義,974,{},0,未決,,確定の明示なし,"[""モジュール定義!U974""]"
モジュール定義,975,{},0,未決,,確定の明示なし,"[""モジュール定義!U975""]"
モジュール定義,976,{},0,未決,,確定の明示なし,"[""モジュール定義!U976""]"
モジュール定義,977,{},0,未決,,確定の明示なし,"[""モジュール定義!U977""]"
モジュール定義,978,{},0,未決,,確定の明示なし,"[""モジュール定義!U978""]"
モジュール定義,979,{},0,未決,,確定の明示なし,"[""モジュール定義!U979""]"
モジュール定義,980,{},0,未決,,確定の明示なし,"[""モジュール定義!U980""]"
モジュール定義,981,{},0,未決,,確定の明示なし,"[""モジュール定義!U981""]"
モジュール定義,982,{},0,未決,,確定の明示なし,"[""モジュール定義!U982""]"
モジュール定義,983,{},0,未決,,確定の明示なし,"[""モジュール定義!U983""]"
モジュール定義,984,{},0,未決,,確定の明示なし,"[""モジュール定義!U984""]"
モジュール定義,985,{},0,未決,,確定の明示なし,"[""モジュール定義!U985""]"
モジュール定義,986,{},0,未決,,確定の明示なし,"[""モジュール定義!U986""]"
モジュール定義,987,{},0,未決,,確定の明示なし,"[""モジュール定義!U987""]"
モジュール定義,988,{},0,未決,,確定の明示なし,"[""モジュール定義!U988""]"
モジュール定義,989,{},0,未決,,確定の明示なし,"[""モジュール定義!U989""]"
モジュール定義,990,{},0,未決,,確定の明示なし,"[""モジュール定義!U990""]"
モジュール定義,991,{},0,未決,,確定の明示なし,"[""モジュール定義!U991""]"
モジュール定義,992,{},0,未決,,確定の明示なし,"[""モジュール定義!U992""]"
モジュール定義,993,{},0,未決,,確定の明示なし,"[""モジュール定義!U993""]"
モジュール定義,994,{},0,未決,,確定の明示なし,"[""モジュール定義!U994""]"
モジュール定義,995,{},0,未決,,確定の明示なし,"[""モジュール定義!U995""]"
モジュール定義,996,{},0,未決,,確定の明示なし,"[""モジュール定義!U996""]"
モジュール定義,997,{},0,未決,,確定の明示なし,"[""モジュール定義!U997""]"
モジュール定義,998,{},0,未決,,確定の明示なし,"[""モジュール定義!U998""]"
モジュール定義,999,{},0,未決,,確定の明示なし,"[""モジュール定義!U999""]"
モジュール定義,1000,{},0,未決,,確定の明示なし,"[""モジュール定義!U1000""]"
モジュール定義,1001,{},0,未決,,確定の明示なし,"[""モジュール定義!U1001""]"
モジュール定義,1002,{},0,未決,,確定の明示なし,"[""モジュール定義!U1002""]"
モジュール定義,1003,{},0,未決,,確定の明示なし,"[""モジュール定義!U1003""]"
インターフェース定義,1,"{""A1"": ""IF_ID"", ""B1"": ""From"", ""C1"": ""To"", ""D1"": ""種別"", ""E1"": ""データ/指令の意味"", ""F1"": ""ROS Topic / Endpoint / Path / Protocol"", ""G1"": ""Message・Format"", ""H1"": ""Frame・単位"", ""I1"": ""Trigger・周期"", ""J1"": ""必須/任意"", ""K1"": ""Timeout・Latency"", ""L1"": ""QoS・Reliability"", ""M1"": ""異常時の扱い"", ""N1"": ""Safety影響"", ""O1"": ""定義Status"", ""P1"": ""備考""}",16,未決,,確定の明示なし,[]
インターフェース定義,2,"{""A2"": ""IF-001"", ""B2"": ""hesai_ros_driver"", ""C2"": ""localization_and_slam_for_mapping"", ""D2"": ""ROS Topic"", ""E2"": ""地図作成用の元点群"", ""F2"": ""sensors/xt32/points"", ""G2"": ""sensor_msgs/msg/PointCloud2"", ""H2"": ""xt32_link / m"", ""I2"": ""センサ更新"", ""J2"": ""必須"", ""K2"": ""点群鮮度・時刻差はQ-05"", ""L2"": ""best_effort / volatile / keep_last 5（提案）。送受QoS一致を検証"", ""M2"": ""欠落は推定不良。旧点群を新しい時刻にしない"", ""N2"": ""地図品質"", ""O2"": ""草案"", ""P2"": ""必須（mapping）。IF-001の元の送受を維持""}",16,未決,草案,原文の未決・草案表記,"[""インターフェース定義!O2""]"
インターフェース定義,3,"{""A3"": ""IF-002"", ""B3"": ""hesai_ros_driver"", ""C3"": ""local_odometry; Global_localization; 障害物認識"", ""D3"": ""ROS Topic"", ""E3"": ""同じ元点群を独立購読"", ""F3"": ""sensors/xt32/points"", ""G3"": ""sensor_msgs/msg/PointCloud2"", ""H3"": ""xt32_link / m"", ""I3"": ""センサ更新"", ""J3"": ""必須"", ""K3"": ""Q-05"", ""L3"": ""best_effort / volatile / keep_last 5（提案）。送受QoS一致を検証"", ""M3"": ""必須観測のstaleでPC不許可"", ""N3"": ""走行停止条件"", ""O3"": ""草案"", ""P3"": ""必須（autonomous）。下流の処理済み点群を上流へ戻さない""}",16,未決,草案,原文の未決・草案表記,"[""インターフェース定義!O3""]"
インターフェース定義,4,"{""A4"": ""IF-003"", ""B4"": ""adi_imu_driver"", ""C4"": ""localization_and_slam_for_mapping; local_odometry"", ""D4"": ""ROS Topic"", ""E4"": ""加速度・角速度・時刻"", ""F4"": ""sensors/imu/data"", ""G4"": ""sensor_msgs/msg/Imu"", ""H4"": ""imu_link / m/s², rad/s"", ""I4"": ""センサ更新"", ""J4"": ""必須"", ""K4"": ""Q-05"", ""L4"": ""best_effort / volatile / keep_last 5（提案）。送受QoS一致を検証"", ""M4"": ""欠測・単位/軸不整合を診断"", ""N4"": ""推定品質"", ""O4"": ""草案"", ""P4"": ""orientation非提供時は有効扱いしない""}",16,未決,草案,原文の未決・草案表記,"[""インターフェース定義!O4""]"
インターフェース定義,5,"{""A5"": ""IF-004"", ""B5"": ""robot_state_publisher（提案）"", ""C5"": ""推定器; 障害物認識; Navigation; RViz"", ""D5"": ""TF"", ""E5"": ""固定取付座標変換"", ""F5"": ""tf_static"", ""G5"": ""tf2_msgs/msg/TFMessage"", ""H5"": ""base_link → xt32_link, imu_link"", ""I5"": ""起動時・モデル読込"", ""J5"": ""必須"", ""K5"": ""初回受信待ち上限はQ-05"", ""L5"": ""static TF標準QoS（transient_local/reliable）"", ""M5"": ""欠落・二重発行を準備エラー"", ""N5"": ""座標整合"", ""O5"": ""草案"", ""P5"": ""必須（供給方式は未決）。同じroot namespaceへremap""}",16,未決,草案,原文の未決・草案表記,"[""インターフェース定義!O5""]"
インターフェース定義,6,"{""A6"": ""IF-005"", ""B6"": ""local_odometry"", ""C6"": ""Global_localization; Navigation; gouda_motion_controller; gouda_mission_manager"", ""D6"": ""ROS Topic"", ""E6"": ""局所姿勢と推定速度"", ""F6"": ""localization/odometry"", ""G6"": ""nav_msgs/msg/Odometry"", ""H6"": ""header=odom, child=base_link / m, m/s, rad/s"", ""I6"": ""推定更新"", ""J6"": ""必須"", ""K6"": ""Q-05"", ""L6"": ""best_effort / volatile / keep_last 5（提案）。送受QoS一致を検証"", ""M6"": ""速度・共分散不良を有効な0と扱わない"", ""N6"": ""停止確認・追従"", ""O6"": ""草案"", ""P6"": ""必須（autonomous）。poseはodom、twistはchild frame""}",16,未決,草案,原文の未決・草案表記,"[""インターフェース定義!O6""]"
インターフェース定義,7,"{""A7"": ""IF-006"", ""B7"": ""local_odometry"", ""C7"": ""TF利用node"", ""D7"": ""TF"", ""E7"": ""連続局所姿勢"", ""F7"": ""tf"", ""G7"": ""tf2_msgs/msg/TFMessage"", ""H7"": ""odom → base_link"", ""I7"": ""推定更新"", ""J7"": ""必須"", ""K7"": ""Q-05"", ""L7"": ""dynamic TF標準QoSを採用版で確認"", ""M7"": ""stale・不連続で走行不許可"", ""N7"": ""走行停止条件"", ""O7"": ""草案"", ""P7"": ""必須（autonomous）。""}",16,未決,草案,原文の未決・草案表記,"[""インターフェース定義!O7""]"
インターフェース定義,8,"{""A8"": ""IF-007"", ""B8"": ""Global_localization"", ""C8"": ""TF利用node"", ""D8"": ""TF"", ""E8"": ""保存地図と局所座標の対応"", ""F8"": ""tf"", ""G8"": ""tf2_msgs/msg/TFMessage"", ""H8"": ""map → odom"", ""I8"": ""推定更新"", ""J8"": ""必須"", ""K8"": ""Q-05"", ""L8"": ""dynamic TF標準QoS"", ""M8"": ""不良推定・staleを通知"", ""N8"": ""走行停止条件"", ""O8"": ""草案"", ""P8"": ""必須（autonomous）。""}",16,未決,草案,原文の未決・草案表記,"[""インターフェース定義!O8""]"
インターフェース定義,9,"{""A9"": ""IF-008"", ""B9"": ""Global_localization"", ""C9"": ""gouda_mission_manager; gouda_monitor; RViz"", ""D9"": ""ROS Topic"", ""E9"": ""地図上の推定姿勢と共分散"", ""F9"": ""localization/pose"", ""G9"": ""geometry_msgs/msg/PoseWithCovarianceStamped"", ""H9"": ""map / m, rad"", ""I9"": ""推定更新"", ""J9"": ""必須"", ""K9"": ""Q-05"", ""L9"": ""best_effort / volatile / keep_last 5（提案）。送受QoS一致を検証"", ""M9"": ""無効な推定を到達判定に使わない"", ""N9"": ""初期化・到達"", ""O9"": ""草案"", ""P9"": ""必須（開始・進捗）。""}",16,未決,草案,原文の未決・草案表記,"[""インターフェース定義!O9""]"
インターフェース定義,10,"{""A10"": ""IF-009"", ""B10"": ""gouda_monitor（またはRViz）"", ""C10"": ""Global_localization"", ""D10"": ""ROS Topic"", ""E10"": ""人間が指定した初期位置・向き"", ""F10"": ""localization/initial_pose"", ""G10"": ""geometry_msgs/msg/PoseWithCovarianceStamped"", ""H10"": ""map / m, rad"", ""I10"": ""操作時"", ""J10"": ""必須"", ""K10"": ""収束待ち上限Q-05"", ""L10"": ""reliable / volatile / keep_last 1"", ""M10"": ""monitorが走行中の初期位置操作を拒否。受信と推定成立を別表示"", ""N10"": ""開始前条件"", ""O10"": ""草案"", ""P10"": ""必須（初期化）。地図版は読込セッションに一致。試験直入力は実車送信無効。Global localizationの単体試験を可能にする""}",16,未決,草案,原文の未決・草案表記,"[""インターフェース定義!O10""]"
インターフェース定義,11,"{""A11"": ""IF-010"", ""B11"": ""local_odometry; Global_localization"", ""C11"": ""gouda_safety_supervisor; gouda_mission_manager; gouda_system_status"", ""D11"": ""ROS Topic"", ""E11"": ""個別推定器の有効性・観測時刻・品質"", ""F11"": ""localization/odometry_status; localization/status"", ""G11"": ""gouda_interfaces/msg/EstimatorStatus（提案）"", ""H11"": ""観測frameとmap版"", ""I11"": ""更新＋周期。周期Q-05"", ""J11"": ""必須"", ""K11"": ""Q-05"", ""L11"": ""reliable / transient_local / keep_last 1（提案）。stampの鮮度判定必須"", ""M11"": ""stale・未初期化を正常にしない"", ""N11"": ""走行許可"", ""O11"": ""草案"", ""P11"": ""必須（autonomous）。論理的に別topic。生存heartbeatだけで推定品質を代用しない""}",16,未決,草案,原文の未決・草案表記,"[""インターフェース定義!O11""]"
インターフェース定義,12,"{""A12"": ""IF-011"", ""B12"": ""localization_and_slam_for_mapping"", ""C12"": ""Map_Database; map_creator"", ""D12"": ""File"", ""E12"": ""3D元地図と軌跡・座標系"", ""F12"": ""map_root/{session_id}/source/"", ""G12"": ""GLIM成果物＋manifest（版別形式未確定）"", ""H12"": ""mapping_frame / m"", ""I12"": ""計測終了・保存"", ""J12"": ""必須"", ""K12"": ""保存完了待ち上限未確定"", ""L12"": ""atomic publish案"", ""M12"": ""保存失敗時に完成版を公開しない"", ""N12"": ""地図品質"", ""O12"": ""草案"", ""P12"": ""必須（地図作成）。""}",16,未決,草案,原文の未決・草案表記,"[""インターフェース定義!O12""]"
インターフェース定義,13,"{""A13"": ""IF-012"", ""B13"": ""map_creator"", ""C13"": ""Map_Database"", ""D13"": ""File"", ""E13"": ""検証済み地図パッケージ"", ""F13"": ""map_root/{map_id}/{revision}/"", ""G13"": ""MapManifest、自己位置用地図、Nav2 YAML＋image"", ""H13"": ""map / m"", ""I13"": ""地図整備・保存"", ""J13"": ""必須"", ""K13"": ""変換処理時間は計測で決定"", ""L13"": ""一時領域検証後に公開"", ""M13"": ""座標・参照不整合は失敗"", ""N13"": ""経路・位置の一致"", ""O13"": ""草案""}",15,未決,草案,原文の未決・草案表記,"[""インターフェース定義!O13""]"
インターフェース定義,14,"{""A14"": ""IF-013"", ""B14"": ""Map_Database"", ""C14"": ""Global_localization; Navigation; gouda_waypoint_manager"", ""D14"": ""File"", ""E14"": ""同じ版の地図を読込"", ""F14"": ""map_root/{map_id}/{revision}/manifest.yaml"", ""G14"": ""MapManifest（データ契約参照）"", ""H14"": ""map"", ""I14"": ""起動・地図選択"", ""J14"": ""必須"", ""K14"": ""読込上限未確定"", ""L14"": ""チェックサム・schema検証"", ""M14"": ""不一致なら開始拒否"", ""N14"": ""地図整合"", ""O14"": ""草案"", ""P14"": ""常時DB nodeの存在は不要""}",16,未決,草案,原文の未決・草案表記,"[""インターフェース定義!O14""]"
インターフェース定義,15,"{""A15"": ""IF-014"", ""B15"": ""Navigation内map_server"", ""C15"": ""Nav2 costmap; gouda_monitor; RViz"", ""D15"": ""ROS Topic"", ""E15"": ""選択した静的占有地図"", ""F15"": ""map/occupancy"", ""G15"": ""nav_msgs/msg/OccupancyGrid"", ""H15"": ""map / resolution:m"", ""I15"": ""地図load時"", ""J15"": ""必須"", ""K15"": ""読込版を開始前照合"", ""L15"": ""reliable / transient_local / keep_last 1（提案）。stampの鮮度判定必須"", ""M15"": ""地図未受信で開始不可"", ""N15"": ""通行領域"", ""O15"": ""草案"", ""P15"": ""必須（Navigation）。map_server既定mapを相対remap""}",16,未決,草案,原文の未決・草案表記,"[""インターフェース定義!O15""]"
インターフェース定義,16,"{""A16"": ""IF-015"", ""B16"": ""gouda_waypoint_manager"", ""C16"": ""Waypoint_database"", ""D16"": ""File"", ""E16"": ""編集した経路版を保存"", ""F16"": ""route_root/{route_id}/{revision}.yaml"", ""G16"": ""Route（データ契約参照）"", ""H16"": ""map / m, rad, m/s"", ""I16"": ""明示保存"", ""J16"": ""必須"", ""K16"": ""保存上限未確定"", ""L16"": ""一時書込後のatomic publish案"", ""M16"": ""不正routeを公開しない"", ""N16"": ""順序・速度制約"", ""O16"": ""草案""}",15,未決,草案,原文の未決・草案表記,"[""インターフェース定義!O16""]"
インターフェース定義,17,"{""A17"": ""IF-016"", ""B17"": ""Waypoint_database"", ""C17"": ""gouda_mission_manager; gouda_waypoint_manager"", ""D17"": ""File"", ""E17"": ""実行・編集用経路の読込"", ""F17"": ""route_root/{route_id}/{revision}.yaml"", ""G17"": ""Route"", ""H17"": ""map"", ""I17"": ""選択・開始前"", ""J17"": ""必須"", ""K17"": ""読込上限未確定"", ""L17"": ""読込後run内で版固定"", ""M17"": ""map不一致・不正値は拒否"", ""N17"": ""走行条件"", ""O17"": ""草案""}",15,未決,草案,原文の未決・草案表記,"[""インターフェース定義!O17""]"
インターフェース定義,18,"{""A18"": ""IF-017"", ""B18"": ""gouda_monitor／試験クライアント"", ""C18"": ""gouda_mission_manager"", ""D18"": ""ROS Service"", ""E18"": ""開始・一時停止・再開・再試行・中断・PC mode設定"", ""F18"": ""task/mission_control"", ""G18"": ""gouda_interfaces/srv/MissionControl（提案）"", ""H18"": ""座標なし"", ""I18"": ""操作時"", ""J18"": ""必須"", ""K18"": ""受付応答期限Q-05。動作完了はmission_state"", ""L18"": ""reliable / volatile。再送はrequest_idで重複排除"", ""M18"": ""状態違反・古いrun/stateは拒否"", ""N18"": ""発進・停止"", ""O18"": ""草案"", ""P18"": ""必須（操作時）。受付は停止完了を意味しない""}",16,未決,草案,原文の未決・草案表記,"[""インターフェース定義!O18""]"
インターフェース定義,19,"{""A19"": ""IF-018"", ""B19"": ""gouda_mission_manager"", ""C19"": ""gouda_monitor; gouda_system_status; logger"", ""D19"": ""ROS Topic"", ""E19"": ""進行の正本と操作結果"", ""F19"": ""task/mission_state"", ""G19"": ""gouda_interfaces/msg/MissionState（提案）"", ""H19"": ""map参照＋単調state_revision"", ""I19"": ""変化時＋周期"", ""J19"": ""必須"", ""K19"": ""stale時は不明表示"", ""L19"": ""reliable / transient_local / keep_last 1（提案）。stampの鮮度判定必須"", ""M19"": ""古いrun_id/revisionを無視"", ""N19"": ""誤再開防止"", ""O19"": ""草案"", ""P19"": ""必須（表示）。""}",16,未決,草案,原文の未決・草案表記,"[""インターフェース定義!O19""]"
インターフェース定義,20,"{""A20"": ""IF-019"", ""B20"": ""gouda_mission_manager"", ""C20"": ""Navigation内区間実行境界"", ""D20"": ""ROS Action"", ""E20"": ""一つの区間の実行・取消・結果"", ""F20"": ""navigation/execute_section"", ""G20"": ""gouda_interfaces/action/ExecuteSection（提案）"", ""H20"": ""map / m, rad, m/s"", ""I20"": ""区間開始・取消"", ""J20"": ""必須"", ""K20"": ""受付/取消/進捗期限Q-05"", ""L20"": ""ROS 2 Action標準QoS。採用版の既定を確認"", ""M20"": ""拒否・abort・timeoutは未達保持して停止"", ""N20"": ""移動実行"", ""O20"": ""草案"", ""P20"": ""Nav2版差をNavigation内に閉じる""}",16,未決,草案,原文の未決・草案表記,"[""インターフェース定義!O20""]"
インターフェース定義,21,"{""A21"": ""IF-020"", ""B21"": ""Navigation内区間実行境界"", ""C21"": ""Nav2 bt_navigator"", ""D21"": ""ROS Action"", ""E21"": ""plan方式の順序付き点列移動"", ""F21"": ""navigation/navigate_through_poses"", ""G21"": ""nav2_msgs/action/NavigateThroughPoses"", ""H21"": ""map"", ""I21"": ""区間開始・再計画"", ""J21"": ""必須"", ""K21"": ""Q-05"", ""L21"": ""ROS 2 Action標準QoS。採用版の既定を確認"", ""M21"": ""失敗を返す。skip・自動復旧を無断で入れない"", ""N21"": ""指定順序"", ""O21"": ""草案"", ""P21"": ""必須（plan）。goal配列型・feedbackはNav2版決定後確定""}",16,未決,草案,原文の未決・草案表記,"[""インターフェース定義!O21""]"
インターフェース定義,22,"{""A22"": ""IF-021"", ""B22"": ""Navigation内BT"", ""C22"": ""Nav2 controller_server"", ""D22"": ""ROS Action"", ""E22"": ""Nav2内部で計画済みpathを追従"", ""F22"": ""navigation/follow_path"", ""G22"": ""nav2_msgs/action/FollowPath"", ""H22"": ""map"", ""I22"": ""Nav2の計画・追従更新"", ""J22"": ""必須"", ""K22"": ""Q-05"", ""L22"": ""ROS 2 Action標準QoS。採用版の既定を確認"", ""M22"": ""進捗不足・追従失敗を上位へ返す"", ""N22"": ""移動実行"", ""O22"": ""草案"", ""P22"": ""指定線方式の計画・迂回条件はQ-07/Q-12。FollowPathだけで迂回を実現するとはしない""}",16,未決,草案,原文の未決・草案表記,"[""インターフェース定義!O22""]"
インターフェース定義,23,"{""A23"": ""IF-022"", ""B23"": ""Navigation内速度制約処理"", ""C23"": ""Nav2 controller_server"", ""D23"": ""ROS Topic"", ""E23"": ""区間速度制約をcontrollerへ反映"", ""F23"": ""navigation/speed_limit"", ""G23"": ""nav2_msgs/msg/SpeedLimit"", ""H23"": ""m/s（percentage=false）"", ""I23"": ""区間・点境界＋再設定"", ""J23"": ""必須"", ""K23"": ""適用順序を区間開始前に保証"", ""L23"": ""採用版QoSを確認。制約更新は内部処理と同期"", ""M23"": ""未適用で移動開始しない"", ""N23"": ""速度制約"", ""O23"": ""草案"", ""P23"": ""必須（速度制約）。speed_limit=0は無制限であり停止用途に使わない""}",16,未決,草案,原文の未決・草案表記,"[""インターフェース定義!O23""]"
インターフェース定義,24,"{""A24"": ""IF-023"", ""B24"": ""Navigation"", ""C24"": ""gouda_motion_controller"", ""D24"": ""ROS Topic"", ""E24"": ""車体速度・角速度要求"", ""F24"": ""navigation/cmd_vel"", ""G24"": ""geometry_msgs/msg/TwistStamped（提案）"", ""H24"": ""base_link / m/s, rad/s"", ""I24"": ""制御周期"", ""J24"": ""必須"", ""K24"": ""Q-05"", ""L24"": ""reliable / volatile / keep_last 1（提案）。期限切れを破棄"", ""M24"": ""無受信・期限切れ・非有限値で中立"", ""N24"": ""操舵指令"", ""O24"": ""草案"", ""P24"": ""Nav2版がTwist出力の場合はNavigation境界で時刻付与。元生成時刻の限界を記録""}",16,未決,草案,原文の未決・草案表記,"[""インターフェース定義!O24""]"
インターフェース定義,25,"{""A25"": ""IF-024"", ""B25"": ""gouda_motion_controller"", ""C25"": ""Safety_gate"", ""D25"": ""ROS Topic"", ""E25"": ""正規化ジョイスティック要求"", ""F25"": ""control/joystick_command"", ""G25"": ""gouda_interfaces/msg/JoystickCommand（提案）"", ""H25"": ""車体前後・旋回の正規化値[-1,1]"", ""I25"": ""制御周期"", ""J25"": ""必須"", ""K25"": ""Q-05"", ""L25"": ""reliable / volatile / keep_last 1（提案）。期限切れを破棄"", ""M25"": ""stale・範囲外は中立"", ""N25"": ""操作変換"", ""O25"": ""草案"", ""P25"": ""符号・中立・物理変換はQ-03で確認""}",16,未決,草案,原文の未決・草案表記,"[""インターフェース定義!O25""]"
インターフェース定義,26,"{""A26"": ""IF-025"", ""B26"": ""gouda_mission_manager"", ""C26"": ""Safety_gate"", ""D26"": ""ROS Topic"", ""E26"": ""PC missionとしての移動許可要求"", ""F26"": ""task/motion_enable"", ""G26"": ""gouda_interfaces/msg/MotionEnable（epoch付き提案）"", ""H26"": ""run_id / bool"", ""I26"": ""状態変更＋周期"", ""J26"": ""必須"", ""K26"": ""valid_forと受信timeout Q-05"", ""L26"": ""reliable / volatile / keep_last 1（提案）。期限切れを破棄"", ""M26"": ""未受信・false・期限切れは中立"", ""N26"": ""一時停止の執行"", ""O26"": ""草案"", ""P26"": ""再許可後に生成された指令だけ通す。ESP32のPを表す値ではない""}",16,未決,草案,原文の未決・草案表記,"[""インターフェース定義!O26""]"
インターフェース定義,27,"{""A27"": ""IF-026"", ""B27"": ""safety_gouda_safety_supervisor"", ""C27"": ""Safety_gate; gouda_mission_manager; gouda_system_status"", ""D27"": ""ROS Topic"", ""E27"": ""PC健全性による継続許可"", ""F27"": ""safety/permission"", ""G27"": ""gouda_interfaces/msg/SafetyPermission（提案）"", ""H27"": ""bool＋理由コード"", ""I27"": ""判定更新＋周期"", ""J27"": ""必須"", ""K27"": ""valid_forとtimeout Q-05"", ""L27"": ""reliable / volatile / keep_last 1（提案）。期限切れを破棄"", ""M27"": ""未受信・false・期限切れは中立"", ""N27"": ""故障停止"", ""O27"": ""草案"", ""P27"": ""ESP32状態通知は必須にしない。回復だけで旧指令を通さない""}",16,未決,草案,原文の未決・草案表記,"[""インターフェース定義!O27""]"
インターフェース定義,28,"{""A28"": ""IF-027"", ""B28"": ""Safety_gate"", ""C28"": ""vehicle_bridge"", ""D28"": ""ROS Topic"", ""E28"": ""PCから送る唯一の最終操作値"", ""F28"": ""vehicle/joystick_command"", ""G28"": ""gouda_interfaces/msg/JoystickCommand（提案）"", ""H28"": ""正規化値[-1,1]"", ""I28"": ""執行周期"", ""J28"": ""必須"", ""K28"": ""Q-05"", ""L28"": ""reliable / volatile / keep_last 1（提案）。期限切れを破棄"", ""M28"": ""古い非中立を保持しない"", ""N28"": ""最終PC操作"", ""O28"": ""草案"", ""P28"": ""必須（実車自律）。他nodeから同topicへ発行禁止""}",16,未決,草案,原文の未決・草案表記,"[""インターフェース定義!O28""]"
インターフェース定義,29,"{""A29"": ""IF-028"", ""B29"": ""vehicle_bridge"", ""C29"": ""ESP32"", ""D29"": ""既存通信（未確定）"", ""E29"": ""既存形式で操作値を送信"", ""F29"": ""transport設定（Q-03）"", ""G29"": ""既存パケット仕様未確認"", ""H29"": ""既存単位・符号未確認"", ""I29"": ""送信周期Q-03"", ""J29"": ""必須"", ""K29"": ""送信間隔＋jitter < watchdog時間。値Q-03"", ""L29"": ""既存方式に従う"", ""M29"": ""指令断はESP32のwatchdogで停止"", ""N29"": ""実車操作"", ""O29"": ""草案"", ""P29"": ""必須（実車）。状態返信を待たず送信。送信成功≠実車実行確認""}",16,未決,草案,原文の未決・草案表記,"[""インターフェース定義!O29""]"
インターフェース定義,30,"{""A30"": ""IF-029"", ""B30"": ""bluetooth_gamepad"", ""C30"": ""ESP32"", ""D30"": ""Bluetooth"", ""E30"": ""Pボタンとスティックの介入入力"", ""F30"": ""既存Bluetooth接続"", ""G30"": ""既存gamepad入力形式"", ""H30"": ""軸・ボタン"", ""I30"": ""入力受信"", ""J30"": ""必須"", ""K30"": ""切断時のP保持はQ-09"", ""L30"": ""既存方式"", ""M30"": ""現状切断時に追加処理なし"", ""N30"": ""PC指令より優先"", ""O30"": ""草案"", ""P30"": ""必須（手動操作）。P解放でPCへ戻る。PCへの通知は不要""}",16,未決,草案,原文の未決・草案表記,"[""インターフェース定義!O30""]"
インターフェース定義,31,"{""A31"": ""IF-030"", ""B31"": ""ESP32"", ""C31"": ""DAC"", ""D31"": ""既存通信（未確定）"", ""E31"": ""選択済み操作のDAC設定"", ""F31"": ""既存接続（Q-03）"", ""G31"": ""既存DAC値"", ""H31"": ""未確認"", ""I31"": ""操作更新"", ""J31"": ""必須"", ""K31"": ""Q-03"", ""L31"": ""既存方式"", ""M31"": ""既存動作確認待ち"", ""N31"": ""実車操作"", ""O31"": ""草案"", ""P31"": ""必須（実車）。""}",16,未決,草案,原文の未決・草案表記,"[""インターフェース定義!O31""]"
インターフェース定義,32,"{""A32"": ""IF-031"", ""B32"": ""DAC"", ""C32"": ""EMC-270"", ""D32"": ""Analog"", ""E32"": ""ジョイスティック相当入力"", ""F32"": ""既存アナログ配線"", ""G32"": ""電圧・中立はQ-03"", ""H32"": ""V"", ""I32"": ""連続"", ""J32"": ""必須"", ""K32"": ""特性・遅延Q-03"", ""L32"": ""該当なし"", ""M32"": ""既存特性確認待ち"", ""N32"": ""実車操作"", ""O32"": ""草案"", ""P32"": ""必須（実車）。""}",16,未決,草案,原文の未決・草案表記,"[""インターフェース定義!O32""]"
インターフェース定義,33,"{""A33"": ""IF-032"", ""B33"": ""Emergency_stop_button"", ""C33"": ""EMC-270"", ""D33"": ""Physical"", ""E33"": ""物理的強制シャットダウン"", ""F33"": ""既存物理回路"", ""G33"": ""電源遮断"", ""H33"": ""該当なし"", ""I33"": ""押下"", ""J33"": ""必須"", ""K33"": ""既存回路"", ""L33"": ""該当なし"", ""M33"": ""PC通知は現状なし"", ""N33"": ""物理停止"", ""O33"": ""草案"", ""P33"": ""必須（既存）。ESP32検知interfaceは今回定義しない""}",16,未決,草案,原文の未決・草案表記,"[""インターフェース定義!O33""]"
インターフェース定義,34,"{""A34"": ""IF-033"", ""B34"": ""障害物認識"", ""C34"": ""Navigation costmap"", ""D34"": ""ROS Topic"", ""E34"": ""地面・車体除去後の障害物候補"", ""F34"": ""perception/obstacle_points"", ""G34"": ""sensor_msgs/msg/PointCloud2"", ""H34"": ""xt32_link。点・stamp・センサ原点を保持"", ""I34"": ""点群処理毎"", ""J34"": ""必須"", ""K34"": ""Q-05"", ""L34"": ""best_effort / volatile / keep_last 5（提案）。送受QoS一致を検証"", ""M34"": ""staleを空間が空いた証拠にしない"", ""N34"": ""衝突回避入力"", ""O34"": ""草案"", ""P34"": ""必須（XT-32障害物構成）。点群を別frameにする場合もraytrace原点は実sensor位置""}",16,未決,草案,原文の未決・草案表記,"[""インターフェース定義!O34""]"
インターフェース定義,35,"{""A35"": ""IF-034"", ""B35"": ""障害物認識"", ""C35"": ""gouda_safety_supervisor; gouda_system_status"", ""D35"": ""ROS Topic"", ""E35"": ""処理有効性と元観測時刻"", ""F35"": ""perception/obstacle_status"", ""G35"": ""diagnostic_msgs/msg/DiagnosticArray"", ""H35"": ""source_stamp・frameは値項目"", ""I35"": ""更新＋周期"", ""J35"": ""必須"", ""K35"": ""Q-05"", ""L35"": ""reliable / transient_local / keep_last 1（提案）。stampの鮮度判定必須"", ""M35"": ""無観測と観測済み空間を区別"", ""N35"": ""欠測停止"", ""O35"": ""草案"", ""P35"": ""必須（同構成）。高所死角はstatus正常でも残る""}",16,未決,草案,原文の未決・草案表記,"[""インターフェース定義!O35""]"
インターフェース定義,36,"{""A36"": ""IF-035"", ""B36"": ""Navigation"", ""C36"": ""RViz; logger"", ""D36"": ""ROS Topic"", ""E36"": ""計画・追従pathとcostmapの観察"", ""F36"": ""navigation/plan; navigation/local_costmap/costmap; navigation/global_costmap/costmap"", ""G36"": ""nav_msgs/msg/Path; nav_msgs/msg/OccupancyGrid"", ""H36"": ""mapまたはodom。topicごと固定"", ""I36"": ""更新時"", ""J36"": ""任意"", ""K36"": ""表示stale条件Q-05"", ""L36"": ""Nav2公開QoSに合わせる"", ""M36"": ""表示欠落を制御結果の代用にしない"", ""N36"": ""切り分け"", ""O36"": ""草案"", ""P36"": ""任意（制御側内部は必須）。Nav2内部名は相対remap。配信形式は採用版確認""}",16,未決,草案,原文の未決・草案表記,"[""インターフェース定義!O36""]"
インターフェース定義,37,"{""A37"": ""IF-036"", ""B37"": ""PC構成node"", ""C37"": ""gouda_safety_supervisor; gouda_system_status; logger"", ""D37"": ""ROS Topic"", ""E37"": ""PC機能診断"", ""F37"": ""system/diagnostics"", ""G37"": ""diagnostic_msgs/msg/DiagnosticArray"", ""H37"": ""stamp・安定component名"", ""I37"": ""変化時＋周期"", ""J37"": ""必須"", ""K37"": ""componentごとQ-05"", ""L37"": ""reliable / volatile / keep_last 20（提案）"", ""M37"": ""topic全体の更新で個別nodeの生存を代用しない"", ""N37"": ""PC故障検出"", ""O37"": ""草案"", ""P37"": ""必要機能だけ必須。bridgeの接続エラーを検出するがESP32返信有無は監視条件にしない""}",16,未決,草案,原文の未決・草案表記,"[""インターフェース定義!O37""]"
インターフェース定義,38,"{""A38"": ""IF-037"", ""B38"": ""gouda_system_status"", ""C38"": ""gouda_monitor"", ""D38"": ""ROS Topic"", ""E38"": ""表示用の集約状態"", ""F38"": ""system/status"", ""G38"": ""gouda_interfaces/msg/SystemStatus（提案）"", ""H38"": ""各情報の観測時刻"", ""I38"": ""更新＋周期"", ""J38"": ""任意"", ""K38"": ""表示stale Q-05"", ""L38"": ""reliable / transient_local / keep_last 1（提案）。stampの鮮度判定必須"", ""M38"": ""取得不可・対象外・staleを区別"", ""N38"": ""表示のみ"", ""O38"": ""草案"", ""P38"": ""任意（制御に非依存）。""}",16,未決,草案,原文の未決・草案表記,"[""インターフェース定義!O38""]"
インターフェース定義,39,"{""A39"": ""IF-038"", ""B39"": ""gouda_logger"", ""C39"": ""gouda_system_status; gouda_monitor"", ""D39"": ""ROS Topic"", ""E39"": ""記録開始・停止・書込エラー"", ""F39"": ""system/log_status"", ""G39"": ""diagnostic_msgs/msg/DiagnosticArray"", ""H39"": ""session_id・保存先識別"", ""I39"": ""変化＋周期"", ""J39"": ""任意"", ""K39"": ""表示stale Q-05"", ""L39"": ""reliable / transient_local / keep_last 1（提案）。stampの鮮度判定必須"", ""M39"": ""書込失敗を通知"", ""N39"": ""切り分け"", ""O39"": ""草案"", ""P39"": ""loggerを制御の中継にしない""}",16,未決,草案,原文の未決・草案表記,"[""インターフェース定義!O39""]"
インターフェース定義,40,"{""A40"": ""IF-039"", ""B40"": ""公開ROS出力"", ""C40"": ""gouda_logger"", ""D40"": ""ROS Topic/TF/Action観測"", ""E40"": ""入力から出力までの時系列記録"", ""F40"": ""設定した記録topic一覧"", ""G40"": ""各topicの元型、Action結果・mission状態"", ""H40"": ""元stampを保持"", ""I40"": ""記録中"", ""J40"": ""任意"", ""K40"": ""ドロップ率を記録"", ""L40"": ""publisher互換のsubscription QoS"", ""M40"": ""欠損を記録品質として報告"", ""N40"": ""原因分析"", ""O40"": ""草案"", ""P40"": ""任意（試験計画で指定）。全topicを闇雲に記録せず必要範囲をプロファイル化""}",16,未決,草案,原文の未決・草案表記,"[""インターフェース定義!O40""]"
インターフェース定義,41,"{""A41"": ""IF-040"", ""B41"": ""gouda_logger"", ""C41"": ""log_database"", ""D41"": ""File"", ""E41"": ""bagと設定の保存"", ""F41"": ""log_root/{session_id}/"", ""G41"": ""rosbag2＋実行設定・map/route版manifest"", ""H41"": ""時刻源・ROS時刻を記録"", ""I41"": ""記録時"", ""J41"": ""必須"", ""K41"": ""保存容量・上限Q-05"", ""L41"": ""元データ非改変"", ""M41"": ""保存失敗を通知"", ""N41"": ""再現性"", ""O41"": ""草案"", ""P41"": ""必須（記録有効時）。""}",16,未決,草案,原文の未決・草案表記,"[""インターフェース定義!O41""]"
インターフェース定義,42,"{""A42"": ""IF-041"", ""B42"": ""rosbag2 replay"", ""C42"": ""試験対象node"", ""D42"": ""ROS Topic/TF"", ""E42"": ""実driverの代替入力"", ""F42"": ""同じ相対topic名へremap"", ""G42"": ""記録済みの元型"", ""H42"": ""元frame・時刻"", ""I42"": ""再生時"", ""J42"": ""任意"", ""K42"": ""use_sim_timeとclock停止を考慮"", ""L42"": ""記録時QoSとの整合"", ""M42"": ""同じTF・topicの二重発行を禁止"", ""N42"": ""実車と分離"", ""O42"": ""草案"", ""P42"": ""任意（試験）。生点群再生から再推定する試験では記録済み推定TFを同時発行しない""}",16,未決,草案,原文の未決・草案表記,"[""インターフェース定義!O42""]"
インターフェース定義,43,"{""A43"": ""IF-042"", ""B43"": ""gouda.sh／launch"", ""C43"": ""各PC node"", ""D43"": ""Process/Config"", ""E43"": ""モード・依存範囲・remapを選択"", ""F43"": ""launch設定／paramsファイル"", ""G43"": ""YAMLと起動引数"", ""H43"": ""robot_namespace・use_sim_time"", ""I43"": ""起動時"", ""J43"": ""必須"", ""K43"": ""準備期限Q-05"", ""L43"": ""設定版を固定"", ""M43"": ""未選択の機能は必須監視から外す"", ""N43"": ""部分試験"", ""O43"": ""草案"", ""P43"": ""実車送信プロファイルとreplay/stubを明示分離""}",16,未決,草案,原文の未決・草案表記,"[""インターフェース定義!O43""]"
インターフェース定義,44,"{""A44"": ""IF-043"", ""B44"": ""Hesai XT-32"", ""C44"": ""hesai_ros_driver"", ""D44"": ""既存通信（未確定）"", ""E44"": ""実機の計測packet"", ""F44"": ""driverの接続設定"", ""G44"": ""Hesaiの採用driver対応packet。版確認待ち"", ""H44"": ""センサ計測値"", ""I44"": ""計測周期"", ""J44"": ""必須"", ""K44"": ""Q-04/Q-05"", ""L44"": ""driver仕様に合わせる"", ""M44"": ""接続断・計測断を診断"", ""N44"": ""推定・障害物入力"", ""O44"": ""草案"", ""P44"": ""必須（実機計測）。replayでは実機を置換""}",16,未決,草案,原文の未決・草案表記,"[""インターフェース定義!O44""]"
インターフェース定義,45,"{""A45"": ""IF-044"", ""B45"": ""ADIS16607-2"", ""C45"": ""adi_imu_driver"", ""D45"": ""既存通信（未確定）"", ""E45"": ""実機のIMU計測"", ""F45"": ""driverの接続設定"", ""G45"": ""採用driverと接続基板の形式。確認待ち"", ""H45"": ""センサ計測値"", ""I45"": ""計測周期"", ""J45"": ""必須"", ""K45"": ""Q-04/Q-05"", ""L45"": ""driver仕様に合わせる"", ""M45"": ""接続断・計測断を診断"", ""N45"": ""局所推定入力"", ""O45"": ""草案"", ""P45"": ""必須（実機計測）。""}",16,未決,草案,原文の未決・草案表記,"[""インターフェース定義!O45""]"
インターフェース定義,46,"{""A46"": ""IF-045"", ""B46"": ""Safety_gate"", ""C46"": ""gouda_system_status; logger"", ""D46"": ""ROS Topic"", ""E46"": ""PC指令の許可・遮断とその理由"", ""F46"": ""safety/gate_status"", ""G46"": ""diagnostic_msgs/msg/DiagnosticArray"", ""H46"": ""motion_epoch、run_id、遮断理由、最終指令時刻"", ""I46"": ""変化＋周期"", ""J46"": ""任意"", ""K46"": ""表示stale Q-05"", ""L46"": ""reliable / transient_local / keep_last 1（提案）。stampの鮮度判定必須"", ""M46"": ""実車の操縦主体を表す状態ではない"", ""N46"": ""切り分け"", ""O46"": ""草案"", ""P46"": ""任意（観測用）。PC gateの執行状態で、ESP32の実行通知ではない""}",16,未決,草案,原文の未決・草案表記,"[""インターフェース定義!O46""]"
インターフェース定義,47,"{""A47"": ""IF-046"", ""B47"": ""localization_and_slam_for_mapping"", ""C47"": ""RViz; logger"", ""D47"": ""ROS Topic"", ""E47"": ""地図作成中の局所姿勢表示・記録"", ""F47"": ""mapping/pose"", ""G47"": ""geometry_msgs/msg/PoseStamped（公開契約案）"", ""H47"": ""mapping_frame / m, rad"", ""I47"": ""SLAM更新"", ""J47"": ""任意"", ""K47"": ""Q-05"", ""L47"": ""best_effort / volatile / keep_last 5（提案）。送受QoS一致を検証"", ""M47"": ""staleを新しい姿勢として表示しない"", ""N47"": ""地図品質観察"", ""O47"": ""草案"", ""P47"": ""任意（表示用）。GLIM固有出力のadapterは同モジュール内。保存形式は別契約""}",16,未決,草案,原文の未決・草案表記,"[""インターフェース定義!O47""]"
インターフェース定義,48,{},0,未決,,確定の明示なし,"[""インターフェース定義!O48""]"
インターフェース定義,49,{},0,未決,,確定の明示なし,"[""インターフェース定義!O49""]"
インターフェース定義,50,{},0,未決,,確定の明示なし,"[""インターフェース定義!O50""]"
インターフェース定義,51,{},0,未決,,確定の明示なし,"[""インターフェース定義!O51""]"
インターフェース定義,52,{},0,未決,,確定の明示なし,"[""インターフェース定義!O52""]"
インターフェース定義,53,{},0,未決,,確定の明示なし,"[""インターフェース定義!O53""]"
インターフェース定義,54,{},0,未決,,確定の明示なし,"[""インターフェース定義!O54""]"
インターフェース定義,55,{},0,未決,,確定の明示なし,"[""インターフェース定義!O55""]"
インターフェース定義,56,{},0,未決,,確定の明示なし,"[""インターフェース定義!O56""]"
インターフェース定義,57,{},0,未決,,確定の明示なし,"[""インターフェース定義!O57""]"
インターフェース定義,58,{},0,未決,,確定の明示なし,"[""インターフェース定義!O58""]"
インターフェース定義,59,{},0,未決,,確定の明示なし,"[""インターフェース定義!O59""]"
インターフェース定義,60,{},0,未決,,確定の明示なし,"[""インターフェース定義!O60""]"
インターフェース定義,61,{},0,未決,,確定の明示なし,"[""インターフェース定義!O61""]"
インターフェース定義,62,{},0,未決,,確定の明示なし,"[""インターフェース定義!O62""]"
インターフェース定義,63,{},0,未決,,確定の明示なし,"[""インターフェース定義!O63""]"
インターフェース定義,64,{},0,未決,,確定の明示なし,"[""インターフェース定義!O64""]"
インターフェース定義,65,{},0,未決,,確定の明示なし,"[""インターフェース定義!O65""]"
インターフェース定義,66,{},0,未決,,確定の明示なし,"[""インターフェース定義!O66""]"
インターフェース定義,67,{},0,未決,,確定の明示なし,"[""インターフェース定義!O67""]"
インターフェース定義,68,{},0,未決,,確定の明示なし,"[""インターフェース定義!O68""]"
インターフェース定義,69,{},0,未決,,確定の明示なし,"[""インターフェース定義!O69""]"
インターフェース定義,70,{},0,未決,,確定の明示なし,"[""インターフェース定義!O70""]"
インターフェース定義,71,{},0,未決,,確定の明示なし,"[""インターフェース定義!O71""]"
インターフェース定義,72,{},0,未決,,確定の明示なし,"[""インターフェース定義!O72""]"
インターフェース定義,73,{},0,未決,,確定の明示なし,"[""インターフェース定義!O73""]"
インターフェース定義,74,{},0,未決,,確定の明示なし,"[""インターフェース定義!O74""]"
インターフェース定義,75,{},0,未決,,確定の明示なし,"[""インターフェース定義!O75""]"
インターフェース定義,76,{},0,未決,,確定の明示なし,"[""インターフェース定義!O76""]"
インターフェース定義,77,{},0,未決,,確定の明示なし,"[""インターフェース定義!O77""]"
インターフェース定義,78,{},0,未決,,確定の明示なし,"[""インターフェース定義!O78""]"
インターフェース定義,79,{},0,未決,,確定の明示なし,"[""インターフェース定義!O79""]"
インターフェース定義,80,{},0,未決,,確定の明示なし,"[""インターフェース定義!O80""]"
インターフェース定義,81,{},0,未決,,確定の明示なし,"[""インターフェース定義!O81""]"
インターフェース定義,82,{},0,未決,,確定の明示なし,"[""インターフェース定義!O82""]"
インターフェース定義,83,{},0,未決,,確定の明示なし,"[""インターフェース定義!O83""]"
インターフェース定義,84,{},0,未決,,確定の明示なし,"[""インターフェース定義!O84""]"
インターフェース定義,85,{},0,未決,,確定の明示なし,"[""インターフェース定義!O85""]"
インターフェース定義,86,{},0,未決,,確定の明示なし,"[""インターフェース定義!O86""]"
インターフェース定義,87,{},0,未決,,確定の明示なし,"[""インターフェース定義!O87""]"
インターフェース定義,88,{},0,未決,,確定の明示なし,"[""インターフェース定義!O88""]"
インターフェース定義,89,{},0,未決,,確定の明示なし,"[""インターフェース定義!O89""]"
インターフェース定義,90,{},0,未決,,確定の明示なし,"[""インターフェース定義!O90""]"
インターフェース定義,91,{},0,未決,,確定の明示なし,"[""インターフェース定義!O91""]"
インターフェース定義,92,{},0,未決,,確定の明示なし,"[""インターフェース定義!O92""]"
インターフェース定義,93,{},0,未決,,確定の明示なし,"[""インターフェース定義!O93""]"
インターフェース定義,94,{},0,未決,,確定の明示なし,"[""インターフェース定義!O94""]"
インターフェース定義,95,{},0,未決,,確定の明示なし,"[""インターフェース定義!O95""]"
インターフェース定義,96,{},0,未決,,確定の明示なし,"[""インターフェース定義!O96""]"
インターフェース定義,97,{},0,未決,,確定の明示なし,"[""インターフェース定義!O97""]"
インターフェース定義,98,{},0,未決,,確定の明示なし,"[""インターフェース定義!O98""]"
インターフェース定義,99,{},0,未決,,確定の明示なし,"[""インターフェース定義!O99""]"
インターフェース定義,100,{},0,未決,,確定の明示なし,"[""インターフェース定義!O100""]"
インターフェース定義,101,{},0,未決,,確定の明示なし,"[""インターフェース定義!O101""]"
インターフェース定義,102,{},0,未決,,確定の明示なし,"[""インターフェース定義!O102""]"
インターフェース定義,103,{},0,未決,,確定の明示なし,"[""インターフェース定義!O103""]"
インターフェース定義,104,{},0,未決,,確定の明示なし,"[""インターフェース定義!O104""]"
インターフェース定義,105,{},0,未決,,確定の明示なし,"[""インターフェース定義!O105""]"
インターフェース定義,106,{},0,未決,,確定の明示なし,"[""インターフェース定義!O106""]"
インターフェース定義,107,{},0,未決,,確定の明示なし,"[""インターフェース定義!O107""]"
インターフェース定義,108,{},0,未決,,確定の明示なし,"[""インターフェース定義!O108""]"
インターフェース定義,109,{},0,未決,,確定の明示なし,"[""インターフェース定義!O109""]"
インターフェース定義,110,{},0,未決,,確定の明示なし,"[""インターフェース定義!O110""]"
インターフェース定義,111,{},0,未決,,確定の明示なし,"[""インターフェース定義!O111""]"
インターフェース定義,112,{},0,未決,,確定の明示なし,"[""インターフェース定義!O112""]"
インターフェース定義,113,{},0,未決,,確定の明示なし,"[""インターフェース定義!O113""]"
インターフェース定義,114,{},0,未決,,確定の明示なし,"[""インターフェース定義!O114""]"
インターフェース定義,115,{},0,未決,,確定の明示なし,"[""インターフェース定義!O115""]"
インターフェース定義,116,{},0,未決,,確定の明示なし,"[""インターフェース定義!O116""]"
インターフェース定義,117,{},0,未決,,確定の明示なし,"[""インターフェース定義!O117""]"
インターフェース定義,118,{},0,未決,,確定の明示なし,"[""インターフェース定義!O118""]"
インターフェース定義,119,{},0,未決,,確定の明示なし,"[""インターフェース定義!O119""]"
インターフェース定義,120,{},0,未決,,確定の明示なし,"[""インターフェース定義!O120""]"
インターフェース定義,121,{},0,未決,,確定の明示なし,"[""インターフェース定義!O121""]"
インターフェース定義,122,{},0,未決,,確定の明示なし,"[""インターフェース定義!O122""]"
インターフェース定義,123,{},0,未決,,確定の明示なし,"[""インターフェース定義!O123""]"
インターフェース定義,124,{},0,未決,,確定の明示なし,"[""インターフェース定義!O124""]"
インターフェース定義,125,{},0,未決,,確定の明示なし,"[""インターフェース定義!O125""]"
インターフェース定義,126,{},0,未決,,確定の明示なし,"[""インターフェース定義!O126""]"
インターフェース定義,127,{},0,未決,,確定の明示なし,"[""インターフェース定義!O127""]"
インターフェース定義,128,{},0,未決,,確定の明示なし,"[""インターフェース定義!O128""]"
インターフェース定義,129,{},0,未決,,確定の明示なし,"[""インターフェース定義!O129""]"
インターフェース定義,130,{},0,未決,,確定の明示なし,"[""インターフェース定義!O130""]"
インターフェース定義,131,{},0,未決,,確定の明示なし,"[""インターフェース定義!O131""]"
インターフェース定義,132,{},0,未決,,確定の明示なし,"[""インターフェース定義!O132""]"
インターフェース定義,133,{},0,未決,,確定の明示なし,"[""インターフェース定義!O133""]"
インターフェース定義,134,{},0,未決,,確定の明示なし,"[""インターフェース定義!O134""]"
インターフェース定義,135,{},0,未決,,確定の明示なし,"[""インターフェース定義!O135""]"
インターフェース定義,136,{},0,未決,,確定の明示なし,"[""インターフェース定義!O136""]"
インターフェース定義,137,{},0,未決,,確定の明示なし,"[""インターフェース定義!O137""]"
インターフェース定義,138,{},0,未決,,確定の明示なし,"[""インターフェース定義!O138""]"
インターフェース定義,139,{},0,未決,,確定の明示なし,"[""インターフェース定義!O139""]"
インターフェース定義,140,{},0,未決,,確定の明示なし,"[""インターフェース定義!O140""]"
インターフェース定義,141,{},0,未決,,確定の明示なし,"[""インターフェース定義!O141""]"
インターフェース定義,142,{},0,未決,,確定の明示なし,"[""インターフェース定義!O142""]"
インターフェース定義,143,{},0,未決,,確定の明示なし,"[""インターフェース定義!O143""]"
インターフェース定義,144,{},0,未決,,確定の明示なし,"[""インターフェース定義!O144""]"
インターフェース定義,145,{},0,未決,,確定の明示なし,"[""インターフェース定義!O145""]"
インターフェース定義,146,{},0,未決,,確定の明示なし,"[""インターフェース定義!O146""]"
インターフェース定義,147,{},0,未決,,確定の明示なし,"[""インターフェース定義!O147""]"
インターフェース定義,148,{},0,未決,,確定の明示なし,"[""インターフェース定義!O148""]"
インターフェース定義,149,{},0,未決,,確定の明示なし,"[""インターフェース定義!O149""]"
インターフェース定義,150,{},0,未決,,確定の明示なし,"[""インターフェース定義!O150""]"
インターフェース定義,151,{},0,未決,,確定の明示なし,"[""インターフェース定義!O151""]"
インターフェース定義,152,{},0,未決,,確定の明示なし,"[""インターフェース定義!O152""]"
インターフェース定義,153,{},0,未決,,確定の明示なし,"[""インターフェース定義!O153""]"
インターフェース定義,154,{},0,未決,,確定の明示なし,"[""インターフェース定義!O154""]"
インターフェース定義,155,{},0,未決,,確定の明示なし,"[""インターフェース定義!O155""]"
インターフェース定義,156,{},0,未決,,確定の明示なし,"[""インターフェース定義!O156""]"
インターフェース定義,157,{},0,未決,,確定の明示なし,"[""インターフェース定義!O157""]"
インターフェース定義,158,{},0,未決,,確定の明示なし,"[""インターフェース定義!O158""]"
インターフェース定義,159,{},0,未決,,確定の明示なし,"[""インターフェース定義!O159""]"
インターフェース定義,160,{},0,未決,,確定の明示なし,"[""インターフェース定義!O160""]"
インターフェース定義,161,{},0,未決,,確定の明示なし,"[""インターフェース定義!O161""]"
インターフェース定義,162,{},0,未決,,確定の明示なし,"[""インターフェース定義!O162""]"
インターフェース定義,163,{},0,未決,,確定の明示なし,"[""インターフェース定義!O163""]"
インターフェース定義,164,{},0,未決,,確定の明示なし,"[""インターフェース定義!O164""]"
インターフェース定義,165,{},0,未決,,確定の明示なし,"[""インターフェース定義!O165""]"
インターフェース定義,166,{},0,未決,,確定の明示なし,"[""インターフェース定義!O166""]"
インターフェース定義,167,{},0,未決,,確定の明示なし,"[""インターフェース定義!O167""]"
インターフェース定義,168,{},0,未決,,確定の明示なし,"[""インターフェース定義!O168""]"
インターフェース定義,169,{},0,未決,,確定の明示なし,"[""インターフェース定義!O169""]"
インターフェース定義,170,{},0,未決,,確定の明示なし,"[""インターフェース定義!O170""]"
インターフェース定義,171,{},0,未決,,確定の明示なし,"[""インターフェース定義!O171""]"
インターフェース定義,172,{},0,未決,,確定の明示なし,"[""インターフェース定義!O172""]"
インターフェース定義,173,{},0,未決,,確定の明示なし,"[""インターフェース定義!O173""]"
インターフェース定義,174,{},0,未決,,確定の明示なし,"[""インターフェース定義!O174""]"
インターフェース定義,175,{},0,未決,,確定の明示なし,"[""インターフェース定義!O175""]"
インターフェース定義,176,{},0,未決,,確定の明示なし,"[""インターフェース定義!O176""]"
インターフェース定義,177,{},0,未決,,確定の明示なし,"[""インターフェース定義!O177""]"
インターフェース定義,178,{},0,未決,,確定の明示なし,"[""インターフェース定義!O178""]"
インターフェース定義,179,{},0,未決,,確定の明示なし,"[""インターフェース定義!O179""]"
インターフェース定義,180,{},0,未決,,確定の明示なし,"[""インターフェース定義!O180""]"
インターフェース定義,181,{},0,未決,,確定の明示なし,"[""インターフェース定義!O181""]"
インターフェース定義,182,{},0,未決,,確定の明示なし,"[""インターフェース定義!O182""]"
インターフェース定義,183,{},0,未決,,確定の明示なし,"[""インターフェース定義!O183""]"
インターフェース定義,184,{},0,未決,,確定の明示なし,"[""インターフェース定義!O184""]"
インターフェース定義,185,{},0,未決,,確定の明示なし,"[""インターフェース定義!O185""]"
インターフェース定義,186,{},0,未決,,確定の明示なし,"[""インターフェース定義!O186""]"
インターフェース定義,187,{},0,未決,,確定の明示なし,"[""インターフェース定義!O187""]"
インターフェース定義,188,{},0,未決,,確定の明示なし,"[""インターフェース定義!O188""]"
インターフェース定義,189,{},0,未決,,確定の明示なし,"[""インターフェース定義!O189""]"
インターフェース定義,190,{},0,未決,,確定の明示なし,"[""インターフェース定義!O190""]"
インターフェース定義,191,{},0,未決,,確定の明示なし,"[""インターフェース定義!O191""]"
インターフェース定義,192,{},0,未決,,確定の明示なし,"[""インターフェース定義!O192""]"
インターフェース定義,193,{},0,未決,,確定の明示なし,"[""インターフェース定義!O193""]"
インターフェース定義,194,{},0,未決,,確定の明示なし,"[""インターフェース定義!O194""]"
インターフェース定義,195,{},0,未決,,確定の明示なし,"[""インターフェース定義!O195""]"
インターフェース定義,196,{},0,未決,,確定の明示なし,"[""インターフェース定義!O196""]"
インターフェース定義,197,{},0,未決,,確定の明示なし,"[""インターフェース定義!O197""]"
インターフェース定義,198,{},0,未決,,確定の明示なし,"[""インターフェース定義!O198""]"
インターフェース定義,199,{},0,未決,,確定の明示なし,"[""インターフェース定義!O199""]"
インターフェース定義,200,{},0,未決,,確定の明示なし,"[""インターフェース定義!O200""]"
インターフェース定義,201,{},0,未決,,確定の明示なし,"[""インターフェース定義!O201""]"
インターフェース定義,202,{},0,未決,,確定の明示なし,"[""インターフェース定義!O202""]"
インターフェース定義,203,{},0,未決,,確定の明示なし,"[""インターフェース定義!O203""]"
インターフェース定義,204,{},0,未決,,確定の明示なし,"[""インターフェース定義!O204""]"
インターフェース定義,205,{},0,未決,,確定の明示なし,"[""インターフェース定義!O205""]"
インターフェース定義,206,{},0,未決,,確定の明示なし,"[""インターフェース定義!O206""]"
インターフェース定義,207,{},0,未決,,確定の明示なし,"[""インターフェース定義!O207""]"
インターフェース定義,208,{},0,未決,,確定の明示なし,"[""インターフェース定義!O208""]"
インターフェース定義,209,{},0,未決,,確定の明示なし,"[""インターフェース定義!O209""]"
インターフェース定義,210,{},0,未決,,確定の明示なし,"[""インターフェース定義!O210""]"
インターフェース定義,211,{},0,未決,,確定の明示なし,"[""インターフェース定義!O211""]"
インターフェース定義,212,{},0,未決,,確定の明示なし,"[""インターフェース定義!O212""]"
インターフェース定義,213,{},0,未決,,確定の明示なし,"[""インターフェース定義!O213""]"
インターフェース定義,214,{},0,未決,,確定の明示なし,"[""インターフェース定義!O214""]"
インターフェース定義,215,{},0,未決,,確定の明示なし,"[""インターフェース定義!O215""]"
インターフェース定義,216,{},0,未決,,確定の明示なし,"[""インターフェース定義!O216""]"
インターフェース定義,217,{},0,未決,,確定の明示なし,"[""インターフェース定義!O217""]"
インターフェース定義,218,{},0,未決,,確定の明示なし,"[""インターフェース定義!O218""]"
インターフェース定義,219,{},0,未決,,確定の明示なし,"[""インターフェース定義!O219""]"
インターフェース定義,220,{},0,未決,,確定の明示なし,"[""インターフェース定義!O220""]"
インターフェース定義,221,{},0,未決,,確定の明示なし,"[""インターフェース定義!O221""]"
インターフェース定義,222,{},0,未決,,確定の明示なし,"[""インターフェース定義!O222""]"
インターフェース定義,223,{},0,未決,,確定の明示なし,"[""インターフェース定義!O223""]"
インターフェース定義,224,{},0,未決,,確定の明示なし,"[""インターフェース定義!O224""]"
インターフェース定義,225,{},0,未決,,確定の明示なし,"[""インターフェース定義!O225""]"
インターフェース定義,226,{},0,未決,,確定の明示なし,"[""インターフェース定義!O226""]"
インターフェース定義,227,{},0,未決,,確定の明示なし,"[""インターフェース定義!O227""]"
インターフェース定義,228,{},0,未決,,確定の明示なし,"[""インターフェース定義!O228""]"
インターフェース定義,229,{},0,未決,,確定の明示なし,"[""インターフェース定義!O229""]"
インターフェース定義,230,{},0,未決,,確定の明示なし,"[""インターフェース定義!O230""]"
インターフェース定義,231,{},0,未決,,確定の明示なし,"[""インターフェース定義!O231""]"
インターフェース定義,232,{},0,未決,,確定の明示なし,"[""インターフェース定義!O232""]"
インターフェース定義,233,{},0,未決,,確定の明示なし,"[""インターフェース定義!O233""]"
インターフェース定義,234,{},0,未決,,確定の明示なし,"[""インターフェース定義!O234""]"
インターフェース定義,235,{},0,未決,,確定の明示なし,"[""インターフェース定義!O235""]"
インターフェース定義,236,{},0,未決,,確定の明示なし,"[""インターフェース定義!O236""]"
インターフェース定義,237,{},0,未決,,確定の明示なし,"[""インターフェース定義!O237""]"
インターフェース定義,238,{},0,未決,,確定の明示なし,"[""インターフェース定義!O238""]"
インターフェース定義,239,{},0,未決,,確定の明示なし,"[""インターフェース定義!O239""]"
インターフェース定義,240,{},0,未決,,確定の明示なし,"[""インターフェース定義!O240""]"
インターフェース定義,241,{},0,未決,,確定の明示なし,"[""インターフェース定義!O241""]"
インターフェース定義,242,{},0,未決,,確定の明示なし,"[""インターフェース定義!O242""]"
インターフェース定義,243,{},0,未決,,確定の明示なし,"[""インターフェース定義!O243""]"
インターフェース定義,244,{},0,未決,,確定の明示なし,"[""インターフェース定義!O244""]"
インターフェース定義,245,{},0,未決,,確定の明示なし,"[""インターフェース定義!O245""]"
インターフェース定義,246,{},0,未決,,確定の明示なし,"[""インターフェース定義!O246""]"
インターフェース定義,247,{},0,未決,,確定の明示なし,"[""インターフェース定義!O247""]"
インターフェース定義,248,{},0,未決,,確定の明示なし,"[""インターフェース定義!O248""]"
インターフェース定義,249,{},0,未決,,確定の明示なし,"[""インターフェース定義!O249""]"
インターフェース定義,250,{},0,未決,,確定の明示なし,"[""インターフェース定義!O250""]"
インターフェース定義,251,{},0,未決,,確定の明示なし,"[""インターフェース定義!O251""]"
インターフェース定義,252,{},0,未決,,確定の明示なし,"[""インターフェース定義!O252""]"
インターフェース定義,253,{},0,未決,,確定の明示なし,"[""インターフェース定義!O253""]"
インターフェース定義,254,{},0,未決,,確定の明示なし,"[""インターフェース定義!O254""]"
インターフェース定義,255,{},0,未決,,確定の明示なし,"[""インターフェース定義!O255""]"
インターフェース定義,256,{},0,未決,,確定の明示なし,"[""インターフェース定義!O256""]"
インターフェース定義,257,{},0,未決,,確定の明示なし,"[""インターフェース定義!O257""]"
インターフェース定義,258,{},0,未決,,確定の明示なし,"[""インターフェース定義!O258""]"
インターフェース定義,259,{},0,未決,,確定の明示なし,"[""インターフェース定義!O259""]"
インターフェース定義,260,{},0,未決,,確定の明示なし,"[""インターフェース定義!O260""]"
インターフェース定義,261,{},0,未決,,確定の明示なし,"[""インターフェース定義!O261""]"
インターフェース定義,262,{},0,未決,,確定の明示なし,"[""インターフェース定義!O262""]"
インターフェース定義,263,{},0,未決,,確定の明示なし,"[""インターフェース定義!O263""]"
インターフェース定義,264,{},0,未決,,確定の明示なし,"[""インターフェース定義!O264""]"
インターフェース定義,265,{},0,未決,,確定の明示なし,"[""インターフェース定義!O265""]"
インターフェース定義,266,{},0,未決,,確定の明示なし,"[""インターフェース定義!O266""]"
インターフェース定義,267,{},0,未決,,確定の明示なし,"[""インターフェース定義!O267""]"
インターフェース定義,268,{},0,未決,,確定の明示なし,"[""インターフェース定義!O268""]"
インターフェース定義,269,{},0,未決,,確定の明示なし,"[""インターフェース定義!O269""]"
インターフェース定義,270,{},0,未決,,確定の明示なし,"[""インターフェース定義!O270""]"
インターフェース定義,271,{},0,未決,,確定の明示なし,"[""インターフェース定義!O271""]"
インターフェース定義,272,{},0,未決,,確定の明示なし,"[""インターフェース定義!O272""]"
インターフェース定義,273,{},0,未決,,確定の明示なし,"[""インターフェース定義!O273""]"
インターフェース定義,274,{},0,未決,,確定の明示なし,"[""インターフェース定義!O274""]"
インターフェース定義,275,{},0,未決,,確定の明示なし,"[""インターフェース定義!O275""]"
インターフェース定義,276,{},0,未決,,確定の明示なし,"[""インターフェース定義!O276""]"
インターフェース定義,277,{},0,未決,,確定の明示なし,"[""インターフェース定義!O277""]"
インターフェース定義,278,{},0,未決,,確定の明示なし,"[""インターフェース定義!O278""]"
インターフェース定義,279,{},0,未決,,確定の明示なし,"[""インターフェース定義!O279""]"
インターフェース定義,280,{},0,未決,,確定の明示なし,"[""インターフェース定義!O280""]"
インターフェース定義,281,{},0,未決,,確定の明示なし,"[""インターフェース定義!O281""]"
インターフェース定義,282,{},0,未決,,確定の明示なし,"[""インターフェース定義!O282""]"
インターフェース定義,283,{},0,未決,,確定の明示なし,"[""インターフェース定義!O283""]"
インターフェース定義,284,{},0,未決,,確定の明示なし,"[""インターフェース定義!O284""]"
インターフェース定義,285,{},0,未決,,確定の明示なし,"[""インターフェース定義!O285""]"
インターフェース定義,286,{},0,未決,,確定の明示なし,"[""インターフェース定義!O286""]"
インターフェース定義,287,{},0,未決,,確定の明示なし,"[""インターフェース定義!O287""]"
インターフェース定義,288,{},0,未決,,確定の明示なし,"[""インターフェース定義!O288""]"
インターフェース定義,289,{},0,未決,,確定の明示なし,"[""インターフェース定義!O289""]"
インターフェース定義,290,{},0,未決,,確定の明示なし,"[""インターフェース定義!O290""]"
インターフェース定義,291,{},0,未決,,確定の明示なし,"[""インターフェース定義!O291""]"
インターフェース定義,292,{},0,未決,,確定の明示なし,"[""インターフェース定義!O292""]"
インターフェース定義,293,{},0,未決,,確定の明示なし,"[""インターフェース定義!O293""]"
インターフェース定義,294,{},0,未決,,確定の明示なし,"[""インターフェース定義!O294""]"
インターフェース定義,295,{},0,未決,,確定の明示なし,"[""インターフェース定義!O295""]"
インターフェース定義,296,{},0,未決,,確定の明示なし,"[""インターフェース定義!O296""]"
インターフェース定義,297,{},0,未決,,確定の明示なし,"[""インターフェース定義!O297""]"
インターフェース定義,298,{},0,未決,,確定の明示なし,"[""インターフェース定義!O298""]"
インターフェース定義,299,{},0,未決,,確定の明示なし,"[""インターフェース定義!O299""]"
インターフェース定義,300,{},0,未決,,確定の明示なし,"[""インターフェース定義!O300""]"
インターフェース定義,301,{},0,未決,,確定の明示なし,"[""インターフェース定義!O301""]"
インターフェース定義,302,{},0,未決,,確定の明示なし,"[""インターフェース定義!O302""]"
インターフェース定義,303,{},0,未決,,確定の明示なし,"[""インターフェース定義!O303""]"
インターフェース定義,304,{},0,未決,,確定の明示なし,"[""インターフェース定義!O304""]"
インターフェース定義,305,{},0,未決,,確定の明示なし,"[""インターフェース定義!O305""]"
インターフェース定義,306,{},0,未決,,確定の明示なし,"[""インターフェース定義!O306""]"
インターフェース定義,307,{},0,未決,,確定の明示なし,"[""インターフェース定義!O307""]"
インターフェース定義,308,{},0,未決,,確定の明示なし,"[""インターフェース定義!O308""]"
インターフェース定義,309,{},0,未決,,確定の明示なし,"[""インターフェース定義!O309""]"
インターフェース定義,310,{},0,未決,,確定の明示なし,"[""インターフェース定義!O310""]"
インターフェース定義,311,{},0,未決,,確定の明示なし,"[""インターフェース定義!O311""]"
インターフェース定義,312,{},0,未決,,確定の明示なし,"[""インターフェース定義!O312""]"
インターフェース定義,313,{},0,未決,,確定の明示なし,"[""インターフェース定義!O313""]"
インターフェース定義,314,{},0,未決,,確定の明示なし,"[""インターフェース定義!O314""]"
インターフェース定義,315,{},0,未決,,確定の明示なし,"[""インターフェース定義!O315""]"
インターフェース定義,316,{},0,未決,,確定の明示なし,"[""インターフェース定義!O316""]"
インターフェース定義,317,{},0,未決,,確定の明示なし,"[""インターフェース定義!O317""]"
インターフェース定義,318,{},0,未決,,確定の明示なし,"[""インターフェース定義!O318""]"
インターフェース定義,319,{},0,未決,,確定の明示なし,"[""インターフェース定義!O319""]"
インターフェース定義,320,{},0,未決,,確定の明示なし,"[""インターフェース定義!O320""]"
インターフェース定義,321,{},0,未決,,確定の明示なし,"[""インターフェース定義!O321""]"
インターフェース定義,322,{},0,未決,,確定の明示なし,"[""インターフェース定義!O322""]"
インターフェース定義,323,{},0,未決,,確定の明示なし,"[""インターフェース定義!O323""]"
インターフェース定義,324,{},0,未決,,確定の明示なし,"[""インターフェース定義!O324""]"
インターフェース定義,325,{},0,未決,,確定の明示なし,"[""インターフェース定義!O325""]"
インターフェース定義,326,{},0,未決,,確定の明示なし,"[""インターフェース定義!O326""]"
インターフェース定義,327,{},0,未決,,確定の明示なし,"[""インターフェース定義!O327""]"
インターフェース定義,328,{},0,未決,,確定の明示なし,"[""インターフェース定義!O328""]"
インターフェース定義,329,{},0,未決,,確定の明示なし,"[""インターフェース定義!O329""]"
インターフェース定義,330,{},0,未決,,確定の明示なし,"[""インターフェース定義!O330""]"
インターフェース定義,331,{},0,未決,,確定の明示なし,"[""インターフェース定義!O331""]"
インターフェース定義,332,{},0,未決,,確定の明示なし,"[""インターフェース定義!O332""]"
インターフェース定義,333,{},0,未決,,確定の明示なし,"[""インターフェース定義!O333""]"
インターフェース定義,334,{},0,未決,,確定の明示なし,"[""インターフェース定義!O334""]"
インターフェース定義,335,{},0,未決,,確定の明示なし,"[""インターフェース定義!O335""]"
インターフェース定義,336,{},0,未決,,確定の明示なし,"[""インターフェース定義!O336""]"
インターフェース定義,337,{},0,未決,,確定の明示なし,"[""インターフェース定義!O337""]"
インターフェース定義,338,{},0,未決,,確定の明示なし,"[""インターフェース定義!O338""]"
インターフェース定義,339,{},0,未決,,確定の明示なし,"[""インターフェース定義!O339""]"
インターフェース定義,340,{},0,未決,,確定の明示なし,"[""インターフェース定義!O340""]"
インターフェース定義,341,{},0,未決,,確定の明示なし,"[""インターフェース定義!O341""]"
インターフェース定義,342,{},0,未決,,確定の明示なし,"[""インターフェース定義!O342""]"
インターフェース定義,343,{},0,未決,,確定の明示なし,"[""インターフェース定義!O343""]"
インターフェース定義,344,{},0,未決,,確定の明示なし,"[""インターフェース定義!O344""]"
インターフェース定義,345,{},0,未決,,確定の明示なし,"[""インターフェース定義!O345""]"
インターフェース定義,346,{},0,未決,,確定の明示なし,"[""インターフェース定義!O346""]"
インターフェース定義,347,{},0,未決,,確定の明示なし,"[""インターフェース定義!O347""]"
インターフェース定義,348,{},0,未決,,確定の明示なし,"[""インターフェース定義!O348""]"
インターフェース定義,349,{},0,未決,,確定の明示なし,"[""インターフェース定義!O349""]"
インターフェース定義,350,{},0,未決,,確定の明示なし,"[""インターフェース定義!O350""]"
インターフェース定義,351,{},0,未決,,確定の明示なし,"[""インターフェース定義!O351""]"
インターフェース定義,352,{},0,未決,,確定の明示なし,"[""インターフェース定義!O352""]"
インターフェース定義,353,{},0,未決,,確定の明示なし,"[""インターフェース定義!O353""]"
インターフェース定義,354,{},0,未決,,確定の明示なし,"[""インターフェース定義!O354""]"
インターフェース定義,355,{},0,未決,,確定の明示なし,"[""インターフェース定義!O355""]"
インターフェース定義,356,{},0,未決,,確定の明示なし,"[""インターフェース定義!O356""]"
インターフェース定義,357,{},0,未決,,確定の明示なし,"[""インターフェース定義!O357""]"
インターフェース定義,358,{},0,未決,,確定の明示なし,"[""インターフェース定義!O358""]"
インターフェース定義,359,{},0,未決,,確定の明示なし,"[""インターフェース定義!O359""]"
インターフェース定義,360,{},0,未決,,確定の明示なし,"[""インターフェース定義!O360""]"
インターフェース定義,361,{},0,未決,,確定の明示なし,"[""インターフェース定義!O361""]"
インターフェース定義,362,{},0,未決,,確定の明示なし,"[""インターフェース定義!O362""]"
インターフェース定義,363,{},0,未決,,確定の明示なし,"[""インターフェース定義!O363""]"
インターフェース定義,364,{},0,未決,,確定の明示なし,"[""インターフェース定義!O364""]"
インターフェース定義,365,{},0,未決,,確定の明示なし,"[""インターフェース定義!O365""]"
インターフェース定義,366,{},0,未決,,確定の明示なし,"[""インターフェース定義!O366""]"
インターフェース定義,367,{},0,未決,,確定の明示なし,"[""インターフェース定義!O367""]"
インターフェース定義,368,{},0,未決,,確定の明示なし,"[""インターフェース定義!O368""]"
インターフェース定義,369,{},0,未決,,確定の明示なし,"[""インターフェース定義!O369""]"
インターフェース定義,370,{},0,未決,,確定の明示なし,"[""インターフェース定義!O370""]"
インターフェース定義,371,{},0,未決,,確定の明示なし,"[""インターフェース定義!O371""]"
インターフェース定義,372,{},0,未決,,確定の明示なし,"[""インターフェース定義!O372""]"
インターフェース定義,373,{},0,未決,,確定の明示なし,"[""インターフェース定義!O373""]"
インターフェース定義,374,{},0,未決,,確定の明示なし,"[""インターフェース定義!O374""]"
インターフェース定義,375,{},0,未決,,確定の明示なし,"[""インターフェース定義!O375""]"
インターフェース定義,376,{},0,未決,,確定の明示なし,"[""インターフェース定義!O376""]"
インターフェース定義,377,{},0,未決,,確定の明示なし,"[""インターフェース定義!O377""]"
インターフェース定義,378,{},0,未決,,確定の明示なし,"[""インターフェース定義!O378""]"
インターフェース定義,379,{},0,未決,,確定の明示なし,"[""インターフェース定義!O379""]"
インターフェース定義,380,{},0,未決,,確定の明示なし,"[""インターフェース定義!O380""]"
インターフェース定義,381,{},0,未決,,確定の明示なし,"[""インターフェース定義!O381""]"
インターフェース定義,382,{},0,未決,,確定の明示なし,"[""インターフェース定義!O382""]"
インターフェース定義,383,{},0,未決,,確定の明示なし,"[""インターフェース定義!O383""]"
インターフェース定義,384,{},0,未決,,確定の明示なし,"[""インターフェース定義!O384""]"
インターフェース定義,385,{},0,未決,,確定の明示なし,"[""インターフェース定義!O385""]"
インターフェース定義,386,{},0,未決,,確定の明示なし,"[""インターフェース定義!O386""]"
インターフェース定義,387,{},0,未決,,確定の明示なし,"[""インターフェース定義!O387""]"
インターフェース定義,388,{},0,未決,,確定の明示なし,"[""インターフェース定義!O388""]"
インターフェース定義,389,{},0,未決,,確定の明示なし,"[""インターフェース定義!O389""]"
インターフェース定義,390,{},0,未決,,確定の明示なし,"[""インターフェース定義!O390""]"
インターフェース定義,391,{},0,未決,,確定の明示なし,"[""インターフェース定義!O391""]"
インターフェース定義,392,{},0,未決,,確定の明示なし,"[""インターフェース定義!O392""]"
インターフェース定義,393,{},0,未決,,確定の明示なし,"[""インターフェース定義!O393""]"
インターフェース定義,394,{},0,未決,,確定の明示なし,"[""インターフェース定義!O394""]"
インターフェース定義,395,{},0,未決,,確定の明示なし,"[""インターフェース定義!O395""]"
インターフェース定義,396,{},0,未決,,確定の明示なし,"[""インターフェース定義!O396""]"
インターフェース定義,397,{},0,未決,,確定の明示なし,"[""インターフェース定義!O397""]"
インターフェース定義,398,{},0,未決,,確定の明示なし,"[""インターフェース定義!O398""]"
インターフェース定義,399,{},0,未決,,確定の明示なし,"[""インターフェース定義!O399""]"
インターフェース定義,400,{},0,未決,,確定の明示なし,"[""インターフェース定義!O400""]"
インターフェース定義,401,{},0,未決,,確定の明示なし,"[""インターフェース定義!O401""]"
インターフェース定義,402,{},0,未決,,確定の明示なし,"[""インターフェース定義!O402""]"
インターフェース定義,403,{},0,未決,,確定の明示なし,"[""インターフェース定義!O403""]"
インターフェース定義,404,{},0,未決,,確定の明示なし,"[""インターフェース定義!O404""]"
インターフェース定義,405,{},0,未決,,確定の明示なし,"[""インターフェース定義!O405""]"
インターフェース定義,406,{},0,未決,,確定の明示なし,"[""インターフェース定義!O406""]"
インターフェース定義,407,{},0,未決,,確定の明示なし,"[""インターフェース定義!O407""]"
インターフェース定義,408,{},0,未決,,確定の明示なし,"[""インターフェース定義!O408""]"
インターフェース定義,409,{},0,未決,,確定の明示なし,"[""インターフェース定義!O409""]"
インターフェース定義,410,{},0,未決,,確定の明示なし,"[""インターフェース定義!O410""]"
インターフェース定義,411,{},0,未決,,確定の明示なし,"[""インターフェース定義!O411""]"
インターフェース定義,412,{},0,未決,,確定の明示なし,"[""インターフェース定義!O412""]"
インターフェース定義,413,{},0,未決,,確定の明示なし,"[""インターフェース定義!O413""]"
インターフェース定義,414,{},0,未決,,確定の明示なし,"[""インターフェース定義!O414""]"
インターフェース定義,415,{},0,未決,,確定の明示なし,"[""インターフェース定義!O415""]"
インターフェース定義,416,{},0,未決,,確定の明示なし,"[""インターフェース定義!O416""]"
インターフェース定義,417,{},0,未決,,確定の明示なし,"[""インターフェース定義!O417""]"
インターフェース定義,418,{},0,未決,,確定の明示なし,"[""インターフェース定義!O418""]"
インターフェース定義,419,{},0,未決,,確定の明示なし,"[""インターフェース定義!O419""]"
インターフェース定義,420,{},0,未決,,確定の明示なし,"[""インターフェース定義!O420""]"
インターフェース定義,421,{},0,未決,,確定の明示なし,"[""インターフェース定義!O421""]"
インターフェース定義,422,{},0,未決,,確定の明示なし,"[""インターフェース定義!O422""]"
インターフェース定義,423,{},0,未決,,確定の明示なし,"[""インターフェース定義!O423""]"
インターフェース定義,424,{},0,未決,,確定の明示なし,"[""インターフェース定義!O424""]"
インターフェース定義,425,{},0,未決,,確定の明示なし,"[""インターフェース定義!O425""]"
インターフェース定義,426,{},0,未決,,確定の明示なし,"[""インターフェース定義!O426""]"
インターフェース定義,427,{},0,未決,,確定の明示なし,"[""インターフェース定義!O427""]"
インターフェース定義,428,{},0,未決,,確定の明示なし,"[""インターフェース定義!O428""]"
インターフェース定義,429,{},0,未決,,確定の明示なし,"[""インターフェース定義!O429""]"
インターフェース定義,430,{},0,未決,,確定の明示なし,"[""インターフェース定義!O430""]"
インターフェース定義,431,{},0,未決,,確定の明示なし,"[""インターフェース定義!O431""]"
インターフェース定義,432,{},0,未決,,確定の明示なし,"[""インターフェース定義!O432""]"
インターフェース定義,433,{},0,未決,,確定の明示なし,"[""インターフェース定義!O433""]"
インターフェース定義,434,{},0,未決,,確定の明示なし,"[""インターフェース定義!O434""]"
インターフェース定義,435,{},0,未決,,確定の明示なし,"[""インターフェース定義!O435""]"
インターフェース定義,436,{},0,未決,,確定の明示なし,"[""インターフェース定義!O436""]"
インターフェース定義,437,{},0,未決,,確定の明示なし,"[""インターフェース定義!O437""]"
インターフェース定義,438,{},0,未決,,確定の明示なし,"[""インターフェース定義!O438""]"
インターフェース定義,439,{},0,未決,,確定の明示なし,"[""インターフェース定義!O439""]"
インターフェース定義,440,{},0,未決,,確定の明示なし,"[""インターフェース定義!O440""]"
インターフェース定義,441,{},0,未決,,確定の明示なし,"[""インターフェース定義!O441""]"
インターフェース定義,442,{},0,未決,,確定の明示なし,"[""インターフェース定義!O442""]"
インターフェース定義,443,{},0,未決,,確定の明示なし,"[""インターフェース定義!O443""]"
インターフェース定義,444,{},0,未決,,確定の明示なし,"[""インターフェース定義!O444""]"
インターフェース定義,445,{},0,未決,,確定の明示なし,"[""インターフェース定義!O445""]"
インターフェース定義,446,{},0,未決,,確定の明示なし,"[""インターフェース定義!O446""]"
インターフェース定義,447,{},0,未決,,確定の明示なし,"[""インターフェース定義!O447""]"
インターフェース定義,448,{},0,未決,,確定の明示なし,"[""インターフェース定義!O448""]"
インターフェース定義,449,{},0,未決,,確定の明示なし,"[""インターフェース定義!O449""]"
インターフェース定義,450,{},0,未決,,確定の明示なし,"[""インターフェース定義!O450""]"
インターフェース定義,451,{},0,未決,,確定の明示なし,"[""インターフェース定義!O451""]"
インターフェース定義,452,{},0,未決,,確定の明示なし,"[""インターフェース定義!O452""]"
インターフェース定義,453,{},0,未決,,確定の明示なし,"[""インターフェース定義!O453""]"
インターフェース定義,454,{},0,未決,,確定の明示なし,"[""インターフェース定義!O454""]"
インターフェース定義,455,{},0,未決,,確定の明示なし,"[""インターフェース定義!O455""]"
インターフェース定義,456,{},0,未決,,確定の明示なし,"[""インターフェース定義!O456""]"
インターフェース定義,457,{},0,未決,,確定の明示なし,"[""インターフェース定義!O457""]"
インターフェース定義,458,{},0,未決,,確定の明示なし,"[""インターフェース定義!O458""]"
インターフェース定義,459,{},0,未決,,確定の明示なし,"[""インターフェース定義!O459""]"
インターフェース定義,460,{},0,未決,,確定の明示なし,"[""インターフェース定義!O460""]"
インターフェース定義,461,{},0,未決,,確定の明示なし,"[""インターフェース定義!O461""]"
インターフェース定義,462,{},0,未決,,確定の明示なし,"[""インターフェース定義!O462""]"
インターフェース定義,463,{},0,未決,,確定の明示なし,"[""インターフェース定義!O463""]"
インターフェース定義,464,{},0,未決,,確定の明示なし,"[""インターフェース定義!O464""]"
インターフェース定義,465,{},0,未決,,確定の明示なし,"[""インターフェース定義!O465""]"
インターフェース定義,466,{},0,未決,,確定の明示なし,"[""インターフェース定義!O466""]"
インターフェース定義,467,{},0,未決,,確定の明示なし,"[""インターフェース定義!O467""]"
インターフェース定義,468,{},0,未決,,確定の明示なし,"[""インターフェース定義!O468""]"
インターフェース定義,469,{},0,未決,,確定の明示なし,"[""インターフェース定義!O469""]"
インターフェース定義,470,{},0,未決,,確定の明示なし,"[""インターフェース定義!O470""]"
インターフェース定義,471,{},0,未決,,確定の明示なし,"[""インターフェース定義!O471""]"
インターフェース定義,472,{},0,未決,,確定の明示なし,"[""インターフェース定義!O472""]"
インターフェース定義,473,{},0,未決,,確定の明示なし,"[""インターフェース定義!O473""]"
インターフェース定義,474,{},0,未決,,確定の明示なし,"[""インターフェース定義!O474""]"
インターフェース定義,475,{},0,未決,,確定の明示なし,"[""インターフェース定義!O475""]"
インターフェース定義,476,{},0,未決,,確定の明示なし,"[""インターフェース定義!O476""]"
インターフェース定義,477,{},0,未決,,確定の明示なし,"[""インターフェース定義!O477""]"
インターフェース定義,478,{},0,未決,,確定の明示なし,"[""インターフェース定義!O478""]"
インターフェース定義,479,{},0,未決,,確定の明示なし,"[""インターフェース定義!O479""]"
インターフェース定義,480,{},0,未決,,確定の明示なし,"[""インターフェース定義!O480""]"
インターフェース定義,481,{},0,未決,,確定の明示なし,"[""インターフェース定義!O481""]"
インターフェース定義,482,{},0,未決,,確定の明示なし,"[""インターフェース定義!O482""]"
インターフェース定義,483,{},0,未決,,確定の明示なし,"[""インターフェース定義!O483""]"
インターフェース定義,484,{},0,未決,,確定の明示なし,"[""インターフェース定義!O484""]"
インターフェース定義,485,{},0,未決,,確定の明示なし,"[""インターフェース定義!O485""]"
インターフェース定義,486,{},0,未決,,確定の明示なし,"[""インターフェース定義!O486""]"
インターフェース定義,487,{},0,未決,,確定の明示なし,"[""インターフェース定義!O487""]"
インターフェース定義,488,{},0,未決,,確定の明示なし,"[""インターフェース定義!O488""]"
インターフェース定義,489,{},0,未決,,確定の明示なし,"[""インターフェース定義!O489""]"
インターフェース定義,490,{},0,未決,,確定の明示なし,"[""インターフェース定義!O490""]"
インターフェース定義,491,{},0,未決,,確定の明示なし,"[""インターフェース定義!O491""]"
インターフェース定義,492,{},0,未決,,確定の明示なし,"[""インターフェース定義!O492""]"
インターフェース定義,493,{},0,未決,,確定の明示なし,"[""インターフェース定義!O493""]"
インターフェース定義,494,{},0,未決,,確定の明示なし,"[""インターフェース定義!O494""]"
インターフェース定義,495,{},0,未決,,確定の明示なし,"[""インターフェース定義!O495""]"
インターフェース定義,496,{},0,未決,,確定の明示なし,"[""インターフェース定義!O496""]"
インターフェース定義,497,{},0,未決,,確定の明示なし,"[""インターフェース定義!O497""]"
インターフェース定義,498,{},0,未決,,確定の明示なし,"[""インターフェース定義!O498""]"
インターフェース定義,499,{},0,未決,,確定の明示なし,"[""インターフェース定義!O499""]"
インターフェース定義,500,{},0,未決,,確定の明示なし,"[""インターフェース定義!O500""]"
命名規則,1,"{""A1"": ""種別"", ""B1"": ""対象"", ""C1"": ""ルール"", ""D1"": ""理由""}",4,未決,,確定の明示なし,[]
命名規則,2,"{""A2"": ""原則"", ""B2"": ""ROS/Ubuntu上の識別子"", ""C2"": ""lower_snake_case"", ""D2"": ""大文字小文字混在を避け、Linux/ROS 2上でのcase-sensitiveな混乱を防ぐ""}",4,未決,,確定の明示なし,[]
命名規則,3,"{""A3"": ""機能ドメイン"", ""B3"": ""domain"", ""C3"": ""lower_snake_case"", ""D3"": ""/gouda/<domain>/... のnamespaceにそのまま利用できるようにする""}",4,未決,,確定の明示なし,[]
命名規則,4,"{""A4"": ""コンポーネント種別"", ""B4"": ""component_type"", ""C4"": ""lower_snake_case"", ""D4"": ""台帳と実装上のrole表現を一貫させる""}",4,未決,,確定の明示なし,[]
命名規則,5,"{""A5"": ""ROS node"", ""B5"": ""node name / namespace"", ""C5"": ""lower_snake_case"", ""D5"": ""実体名は小文字に統一する""}",4,未決,,確定の明示なし,[]
命名規則,6,"{""A6"": ""ROS topic"", ""B6"": ""topic name"", ""C6"": ""lower_snake_case"", ""D6"": ""公開interface名の表記揺れを防ぐ""}",4,未決,,確定の明示なし,[]
命名規則,7,"{""A7"": ""ROS service"", ""B7"": ""endpoint name"", ""C7"": ""lower_snake_case"", ""D7"": ""endpoint名と型名を区別する""}",4,未決,,確定の明示なし,[]
命名規則,8,"{""A8"": ""ROS action"", ""B8"": ""endpoint name"", ""C8"": ""lower_snake_case"", ""D8"": ""endpoint名と型名を区別する""}",4,未決,,確定の明示なし,[]
命名規則,9,"{""A9"": ""ROS message"", ""B9"": ""型名"", ""C9"": ""PascalCase"", ""D9"": ""ROS interfaceの型名は実体名と区別する""}",4,未決,,確定の明示なし,[]
命名規則,10,"{""A10"": ""ROS service"", ""B10"": ""型名"", ""C10"": ""PascalCase"", ""D10"": ""ROS interfaceの型名は実体名と区別する""}",4,未決,,確定の明示なし,[]
命名規則,11,"{""A11"": ""ROS action"", ""B11"": ""型名"", ""C11"": ""PascalCase"", ""D11"": ""ROS interfaceの型名は実体名と区別する""}",4,未決,,確定の明示なし,[]
命名規則,12,"{""A12"": ""TF frame"", ""B12"": ""frame_id"", ""C12"": ""lower_snake_case"", ""D12"": ""frame名の表記揺れと機種依存を避ける""}",4,未決,,確定の明示なし,[]
命名規則,13,"{""A13"": ""ROS package"", ""B13"": ""package name"", ""C13"": ""lower_snake_case"", ""D13"": ""package名の互換性と一貫性を保つ""}",4,未決,,確定の明示なし,[]
命名規則,14,"{""A14"": ""表示名・製品名"", ""B14"": ""モジュール名等の表示ラベル"", ""C14"": ""公式表記可"", ""D14"": ""Hesai XT-32、ADIS16607-2、EMC-270等の公式表記は保持してよい""}",4,未決,,確定の明示なし,[]
命名規則,15,"{""A15"": ""通信名"", ""B15"": ""topic/service/action"", ""C15"": ""先頭 / を付けない相対名。例 sensors/xt32/points"", ""D15"": ""robot_namespaceをlaunchで変更できる""}",4,未決,,確定の明示なし,[]
命名規則,16,"{""A16"": ""名前空間"", ""B16"": ""配置例"", ""C16"": ""nodeを共通robot_namespace（例 /gouda）へ置く。domain/topicの相対名を使用"", ""D16"": ""解決後は /gouda/<domain>/...。namespaceを二重に付けない""}",4,未決,,確定の明示なし,[]
命名規則,17,"{""A17"": ""接続"", ""B17"": ""異なるnamespace間"", ""C17"": ""launchで明示remap。相対名は各nodeのnamespace基準"", ""D17"": ""名前が同じでも違うnamespaceなら接続されない""}",4,未決,,確定の明示なし,[]
命名規則,18,"{""A18"": ""Nav2"", ""B18"": ""標準interface"", ""C18"": ""標準の型を維持。名称はnavigation/...へremap"", ""D18"": ""Nav2改造と機器固有名への依存を減らす""}",4,未決,,確定の明示なし,[]
命名規則,19,"{""A19"": ""TF"", ""B19"": ""tf, tf_static"", ""C19"": ""同一robot_namespaceへremap。frame_idはmap/odom/base_link等"", ""D19"": ""topic namespaceはframe_idを自動で変更しない""}",4,未決,,確定の明示なし,[]
命名規則,20,"{""A20"": ""型・field"", ""B20"": ""独自interface"", ""C20"": ""gouda_interfaces、PascalCase型、lower_snake_case field"", ""D20"": ""既存命名規則を拡張。定義はデータ契約に集約""}",4,未決,,確定の明示なし,[]
命名規則,21,"{""A21"": ""既存表示名"", ""B21"": ""Global_localization等"", ""C21"": ""表の表示名を保持。ROS node実体はglobal_localization等にする"", ""D21"": ""Map_Database等の保存領域を無理にnode化しない""}",4,未決,,確定の明示なし,[]
命名規則,22,"{""A22"": ""配信"", ""B22"": ""指令と保持状態"", ""C22"": ""操作指令はvolatile。保持状態もstampで鮮度を検証"", ""D22"": ""古い指令の復活と古い正常状態の誤用を防ぐ""}",4,未決,,確定の明示なし,[]
選択肢,1,"{""A1"": ""機能ドメイン"", ""B1"": ""コンポーネント種別"", ""C1"": ""実装場所"", ""D1"": ""Safety判断責務"", ""E1"": ""Safety執行責務"", ""F1"": ""交換可能性"", ""G1"": ""定義Status"", ""H1"": ""Interface種別"", ""I1"": ""必須/任意"", ""J1"": ""Interface Status""}",10,未決,,確定の明示なし,[]
選択肢,2,"{""A2"": ""system"", ""B2"": ""launcher"", ""C2"": ""PC"", ""D2"": ""yes"", ""E2"": ""yes"", ""F2"": ""固定"", ""G2"": ""未定義"", ""H2"": ""ROS Topic"", ""I2"": ""必須"", ""J2"": ""未定義""}",10,未決,未定義,原文の未決・草案表記,"[""選択肢!G2""]"
選択肢,3,"{""A3"": ""sensors"", ""B3"": ""hmi"", ""C3"": ""ESP32"", ""D3"": ""no"", ""E3"": ""no"", ""F3"": ""Backend差替可"", ""G3"": ""草案"", ""H3"": ""ROS Service"", ""I3"": ""任意"", ""J3"": ""草案""}",10,未決,草案,原文の未決・草案表記,"[""選択肢!G3""]"
選択肢,4,"{""A4"": ""mapping"", ""B4"": ""aggregator"", ""C4"": ""Hardware"", ""D4"": ""未定"", ""E4"": ""未定"", ""F4"": ""モジュール差替可"", ""G4"": ""レビュー中"", ""H4"": ""ROS Action"", ""I4"": """", ""J4"": ""レビュー中""}",10,未決,レビュー中,原文の未決・草案表記,"[""選択肢!G4""]"
選択肢,5,"{""A5"": ""localization"", ""B5"": ""processor"", ""C5"": ""External"", ""F5"": ""未定"", ""G5"": """", ""H5"": ""TF"", ""I5"": """", ""J5"": ""確定""}",8,未決,,原文の未決・草案表記,"[""選択肢!G5""]"
選択肢,6,"{""A6"": ""map"", ""B6"": ""converter"", ""C6"": """", ""F6"": """", ""G6"": ""確定"", ""H6"": ""UDP"", ""I6"": """", ""J6"": ""廃止予定""}",8,確定,確定,原文の確定表記,"[""選択肢!G6""]"
選択肢,7,"{""A7"": ""navigation"", ""B7"": ""database"", ""C7"": """", ""D7"": """", ""F7"": """", ""G7"": """", ""H7"": ""TCP"", ""I7"": """", ""J7"": """"}",9,未決,,確定の明示なし,"[""選択肢!G7""]"
選択肢,8,"{""A8"": ""perception"", ""B8"": ""manager"", ""C8"": """", ""D8"": """", ""F8"": """", ""G8"": """", ""H8"": ""Serial"", ""I8"": """", ""J8"": """"}",9,未決,,確定の明示なし,"[""選択肢!G8""]"
選択肢,9,"{""A9"": ""task"", ""B9"": ""estimator"", ""C9"": """", ""D9"": """", ""F9"": """", ""G9"": """", ""H9"": ""Bluetooth"", ""I9"": """", ""J9"": """"}",9,未決,,確定の明示なし,"[""選択肢!G9""]"
選択肢,10,"{""A10"": ""control"", ""B10"": ""planner"", ""C10"": """", ""D10"": """", ""F10"": """", ""G10"": """", ""H10"": ""Analog"", ""I10"": """", ""J10"": """"}",9,未決,,確定の明示なし,"[""選択肢!G10""]"
選択肢,11,"{""A11"": ""safety"", ""B11"": ""controller"", ""C11"": """", ""D11"": """", ""F11"": """", ""G11"": """", ""H11"": ""Physical"", ""I11"": """", ""J11"": """"}",9,未決,,確定の明示なし,"[""選択肢!G11""]"
選択肢,12,"{""A12"": ""vehicle"", ""B12"": ""supervisor"", ""C12"": """", ""D12"": """", ""F12"": """", ""G12"": """", ""H12"": ""File"", ""I12"": """", ""J12"": """"}",9,未決,,確定の明示なし,"[""選択肢!G12""]"
選択肢,13,"{""A13"": """", ""B13"": ""gate"", ""C13"": """", ""D13"": """", ""F13"": """", ""G13"": """", ""H13"": ""Process/Config"", ""I13"": """", ""J13"": """"}",9,未決,,確定の明示なし,"[""選択肢!G13""]"
選択肢,14,"{""A14"": """", ""B14"": ""bridge"", ""H14"": ""既存通信（未確定）""}",3,未決,,原文の未決・草案表記,"[""選択肢!G14""]"
選択肢,15,"{""A15"": """", ""B15"": ""logger"", ""H15"": ""ROS Topic/TF/Action観測""}",3,未決,,確定の明示なし,"[""選択肢!G15""]"
選択肢,16,"{""A16"": """", ""B16"": ""driver"", ""H16"": ""ROS Topic/TF""}",3,未決,,確定の明示なし,[]
選択肢,17,"{""A17"": """", ""B17"": ""detector""}",2,未決,,確定の明示なし,[]
選択肢,18,"{""A18"": """", ""B18"": ""recognizer""}",2,未決,,確定の明示なし,[]
選択肢,19,"{""A19"": """", ""B19"": ""state_machine""}",2,未決,,確定の明示なし,[]
選択肢,20,"{""A20"": """", ""B20"": ""embedded_controller""}",2,未決,,確定の明示なし,[]
選択肢,21,"{""A21"": """", ""B21"": ""actuator_interface""}",2,未決,,確定の明示なし,[]
選択肢,22,"{""A22"": """", ""B22"": ""manual_input""}",2,未決,,確定の明示なし,[]
選択肢,23,"{""A23"": """", ""B23"": ""physical_safety_device""}",2,未決,,確定の明示なし,[]
選択肢,24,"{""A24"": """", ""B24"": ""sensor""}",2,未決,,確定の明示なし,[]
選択肢,25,"{""A25"": """", ""B25"": ""platform""}",2,未決,,確定の明示なし,[]
使用モード定義,1,"{""A1"": ""使用モード"", ""B1"": ""定義"", ""C1"": ""車両操作"", ""D1"": ""主に起動・利用するもの"", ""E1"": ""原則起動しないもの"", ""F1"": ""判定基準"", ""G1"": ""備考""}",7,未決,,確定の明示なし,[]
使用モード定義,2,"{""A2"": ""事前地図作成"", ""B2"": ""走行環境を計測し、3D元地図を作成するモード。"", ""C2"": ""人間が Bluetooth gamepad → ESP32 → DAC → EMC-270 を用いて手動操縦しながら計測する。"", ""D2"": ""必要なセンサ/driver、localization_and_slam_for_mapping、logger、RViz、Bluetooth gamepad、ESP32、DAC、EMC-270 など"", ""E2"": ""Navigation、motion_controller、Safety_gate、global_localization、map_creator、waypoint の設定・編集機能"", ""F2"": ""目的が実環境を走行しながら地図作成用データを取得し、元地図を生成することである。"", ""G2"": ""地図取得を目的として手動走行していても「手動操縦」ではなく本モードとして扱う。""}",7,未決,,確定の明示なし,[]
使用モード定義,3,"{""A3"": ""自律走行"", ""B3"": ""保存済み map・waypoint と現在観測を用いて、PC側システムが車両を自律走行させるモード。"", ""C3"": ""PCの自律指令を連続送信。P押下中のgamepad操作をESP32が優先し、P解放でPC指令へ戻る。"", ""D3"": ""mission_manager、global_localization、local_odometry、Nav2、XT-32障害物点群処理、motion_controller、safety_supervisor、Safety_gate、vehicle_bridge、必要センサ/TF"", ""E3"": ""地図作成SLAM、地図・経路編集、信号・白線・横断・番号認識（今回範囲外）"", ""F3"": ""自律走行指令が車両操作の主経路である。"", ""G3"": ""停止点・一時停止でもPC Auto設定を保持。P介入はPCへ通知されず、PCの進行処理は継続。実車の操作主体とは別。""}",7,未決,,確定の明示なし,[]
使用モード定義,4,"{""A4"": ""手動操縦"", ""B4"": ""人間が車両を直接操作するためのモード。"", ""C4"": ""Bluetooth gamepad → ESP32 → DAC → EMC-270 を主経路として人間が操作する。"", ""D4"": ""Bluetooth gamepad、ESP32、DAC、EMC-270。必要に応じて logger。"", ""E4"": ""Navigation、motion_controller、Safety_gate などの自律指令生成・執行系"", ""F4"": ""人間の直接操作そのものが目的である。"", ""G4"": ""地図取得を目的として手動走行する場合は「事前地図作成」として扱う。""}",7,未決,,確定の明示なし,[]
使用モード定義,5,"{""A5"": ""地図整備"", ""B5"": ""事前地図作成後の map の生成・変換・保存と、map・waypoint・metadata・地図間対応関係の作成・確認・編集を、車両を走行させずに行うモード。"", ""C5"": ""車両は操作しない。"", ""D5"": ""map_creator、Map_Database、Waypoint_database、gouda_waypoint_manager、RViz等の関連する表示・編集 UI"", ""E5"": ""実車走行を行う Navigation、motion_controller、Safety_gate、走行用センサ/driver 等"", ""F5"": ""目的が地図の後処理・変換・保存、または map / waypoint / metadata の設定・編集である。"", ""G5"": ""「走行しない」はモード名ではなく、本モードの運用条件。実車走行系は起動しない。""}",7,未決,,確定の明示なし,[]
使用モード定義,6,"{""A6"": ""全モード"", ""B6"": ""特定の一つの運用モードではなく、上記すべてのモードで必要・有効であることを示すメタ値。"", ""C6"": ""その時点の実際のモードに従う。"", ""D6"": ""共通の起動・表示・物理停止。vehicle_bridgeは実車通信を使うプロファイルだけで起動できる構成案。"", ""E6"": ""—"", ""F6"": ""どの使用モードを選んでも、そのモジュールを有効にする必要がある。"", ""G6"": ""独立した runtime mode としては扱わない。""}",7,未決,,確定の明示なし,[]
使用モード定義,7,"{""A7"": """", ""B7"": """", ""C7"": """", ""D7"": """", ""E7"": """", ""F7"": """", ""G7"": """"}",7,未決,,確定の明示なし,[]
使用モード定義,8,"{""A8"": ""非モード: 停止中"", ""B8"": ""車両速度が 0 である状態を示すだけであり、使用モードとして扱わない。"", ""C8"": ""信号待ち、一時停止、STOP_LINE_HOLD、非常停止後など、複数モードで発生し得る。"", ""D8"": ""—"", ""E8"": ""—"", ""F8"": ""使用モード欄では使用しない。"", ""G8"": ""走行禁止・静止必須などの条件は「起動・停止条件」欄に記述する。""}",7,未決,,確定の明示なし,[]
基本仕様,1,"{""A1"": ""ID"", ""B1"": ""対象"", ""C1"": ""仕様・判断"", ""D1"": ""区分・根拠""}",4,未決,,確定の明示なし,[]
基本仕様,2,"{""A2"": ""S-01"", ""B2"": ""今回の到達範囲"", ""C2"": ""手動走行で地図を作成し、地図整備とwaypoint設定を行い、初期位置を指定してmonitorから設定経路を自律走行させる。ロボット実装は行わず仕様を整備する。"", ""D2"": ""利用者確定／2026-10-05""}",4,確定,利用者確定／2026-10-05,原文の確定表記,"[""基本仕様!D2""]"
基本仕様,3,"{""A3"": ""S-02"", ""B3"": ""後工程"", ""C3"": ""信号・白線・横断制御・番号認識と課題E対象管理はハードウェア整備後。今回の必須起動・監視に含めない。選択A、D1、D2は不参加。"", ""D3"": ""利用者確定""}",4,確定,利用者確定,原文の確定表記,"[""基本仕様!D3""]"
基本仕様,4,"{""A4"": ""S-03"", ""B4"": ""責務"", ""C4"": ""waypoint managerは編集、mission managerは全体進行、NavigationはNav2による計画・追従、motion controllerはジョイスティック変換。記録・表示は制御データの中継点にしない。"", ""D4"": ""利用者方針＋具体境界は設計案""}",4,未決,利用者方針＋具体境界は設計案,原文の未決・草案表記,"[""基本仕様!D4""]"
基本仕様,5,"{""A5"": ""S-04"", ""B5"": ""PCとESP32"", ""C5"": ""ESP32の状態通知を待たずPC自律指令を送る。ESP32はP押下中のgamepad操作を優先し、P解放でPC指令へ戻る。PC指令断はwatchdogで停止。Bluetooth断に対する追加処理は現状ない。"", ""D5"": ""利用者確定。実装コード未照合""}",4,確定,利用者確定。実装コード未照合,原文の確定表記,"[""基本仕様!D5""]"
基本仕様,6,"{""A6"": ""S-05"", ""B6"": ""PC側mode"", ""C6"": ""AutoはPCが自律操作経路を選択した設定。停止点待機・一時停止でもAutoを保持。PCはP介入・非常停止・バッテリを観測できず実車状態を推測しない。ManualではPC側走行要求を無効化する案。"", ""D6"": ""Auto/P動作は確定。Manual遷移案はQ-10""}",4,未決,Auto/P動作は確定。Manual遷移案はQ-10,確定事項を含むが未決条件も併記,"[""基本仕様!D6""]"
基本仕様,7,"{""A7"": ""S-06"", ""B7"": ""開始手順"", ""C7"": ""地図・経路版を選択し、点群・IMU・TF・局所推定を起動。人間が地図上で初期位置と向きを指定。Global localization成立、Nav2準備、PCデータ鮮度を確認後に開始操作。地図を選ぶだけで発進しない。"", ""D7"": ""利用者確定＋準備条件の設計案""}",4,未決,利用者確定＋準備条件の設計案,確定事項を含むが未決条件も併記,"[""基本仕様!D7""]"
基本仕様,8,"{""A8"": ""S-07"", ""B8"": ""経路単位"", ""C8"": ""route_idとrevisionに順序付きの通過点・停止点を保存。往路/復路専用enumは不要。同じ座標への複数訪問はstep_idと順序で区別する。実行中のrouteとmapは版固定。"", ""D8"": ""設計案。往復の同一座標誤達成を防ぐ""}",4,未決,設計案。往復の同一座標誤達成を防ぐ,原文の未決・草案表記,"[""基本仕様!D8""]"
基本仕様,9,"{""A9"": ""S-08"", ""B9"": ""区間と点"", ""C9"": ""各stepは直前の点から当該点へ進む区間の方式・最高速度と、当該点のpass/stopを持つ。step 0への進入区間も明示。連続pass点はまとめて実行し、stop点と最終点は停止する。"", ""D9"": ""区間属性の帰属は設計案""}",4,未決,区間属性の帰属は設計案,原文の未決・草案表記,"[""基本仕様!D9""]"
基本仕様,10,"{""A10"": ""S-09"", ""B10"": ""plan方式"", ""C10"": ""指定した順序付き点を通り、許可された通行領域内でNav2が経路を計画・更新する。通過点の順序・許容判定は維持し、障害物上の点を勝手にスキップしない。"", ""D10"": ""利用者確定。実装境界は設計案""}",4,未決,利用者確定。実装境界は設計案,確定事項を含むが未決条件も併記,"[""基本仕様!D10""]"
基本仕様,11,"{""A11"": ""S-10"", ""B11"": ""指定線方式"", ""C11"": ""人間が指定した線を基準とする方式も選択可能とする。利用者の5 m指定は各waypoint中心であり、線全体からの距離5 mではない。途中区間の迂回許容領域と線への追従優先度はQ-07/Q-12の確認後に確定。"", ""D11"": ""二方式の選択とwaypoint中心は確定。詳細確認中""}",4,未決,二方式の選択とwaypoint中心は確定。詳細確認中,確定事項を含むが未決条件も併記,"[""基本仕様!D11""]"
基本仕様,12,"{""A12"": ""S-11"", ""B12"": ""許容半径"", ""C12"": ""各waypoint中心の許容半径の初期値は5.0 m。ソースへ埋め込まず設定ファイルに宣言し、waypoint managerで設定・保存する。通過判定か迂回範囲かの用途はQ-12で確認中。停止点の停止位置許容値とは分ける案。"", ""D12"": ""5 m・waypoint中心・設定可能は利用者確定""}",4,未決,5 m・waypoint中心・設定可能は利用者確定,確定事項を含むが未決条件も併記,"[""基本仕様!D12""]"
基本仕様,13,"{""A13"": ""S-12"", ""B13"": ""許容範囲と障害物"", ""C13"": ""許容半径内でも地図上の通行不可と観測障害物を優先。円の和集合や線の周囲5 mを、承認なしで区間の通行領域として生成しない。区間の迂回領域が確定したらglobal/local両方へ整合して反映する。"", ""D13"": ""用途と区間範囲はQ-12。Nav2構成は案""}",4,未決,用途と区間範囲はQ-12。Nav2構成は案,原文の未決・草案表記,"[""基本仕様!D13""]"
基本仕様,14,"{""A14"": ""S-13"", ""B14"": ""速度"", ""C14"": ""各区間のmax_speed_mpsは最高速度。Nav2は曲率・障害物・終点に応じて減速可。減速区間へ入る前に制限速度まで減速できる設計とする。停止は最高速度0では表現しない。"", ""D14"": ""最高速度は利用者確定。数値は未確定""}",4,未決,最高速度は利用者確定。数値は未確定,確定事項を含むが未決条件も併記,"[""基本仕様!D14""]"
基本仕様,15,"{""A15"": ""S-14"", ""B15"": ""通過点"", ""C15"": ""停止を必須にしない。現在未達の点から順に、実際の推定軌跡と通過条件で成立を判定する。経路線が近いだけ、Nav2の残り点数減少だけで達成にしない。飛び越し・同一位置再訪は順序と進入条件で区別。"", ""D15"": ""設計案。半径・向き・進入条件Q-06""}",4,未決,設計案。半径・向き・進入条件Q-06,原文の未決・草案表記,"[""基本仕様!D15""]"
基本仕様,16,"{""A16"": ""S-15"", ""B16"": ""停止点"", ""C16"": ""位置・必要な姿勢条件と、local_odometryの速度・角速度が閾値内に継続していることを別々に確認する。成立後holdでmonitor再開待ち。最終点では停止成立後にmission完了とする案。"", ""D16"": ""再開待ちは利用者確定。最終点処理・閾値は案""}",4,未決,再開待ちは利用者確定。最終点処理・閾値は案,確定事項を含むが未決条件も併記,"[""基本仕様!D16""]"
基本仕様,17,"{""A17"": ""S-16"", ""B17"": ""一時停止・再開"", ""C17"": ""一時停止操作でmotion_enableをfalse、active移動を取消し、停止確認する。再開は未達目標から。停止点の位置到達だけ済んだ状態では停止手順を省略せず、停止確認・再開待ちのphaseも保持する。"", ""D17"": ""未達へ再開は利用者確定""}",4,確定,未達へ再開は利用者確定,原文の確定表記,"[""基本仕様!D17""]"
基本仕様,18,"{""A18"": ""S-17"", ""B18"": ""失敗・再試行"", ""C18"": ""Nav2の到達失敗では停止し、未達点を保持してretry_waitへ移る。monitorの明示的な再試行で同じ未達点から再実行。自動目標スキップ、既定BTの無断後退・旋回・自動リトライは導入しない。"", ""D18"": ""利用者確定＋Nav2動作の具体化""}",4,確定,利用者確定＋Nav2動作の具体化,原文の確定表記,"[""基本仕様!D18""]"
基本仕様,19,"{""A19"": ""S-18"", ""B19"": ""停止経路"", ""C19"": ""mission停止要求とPC健全性不許可をgateで独立に評価する。Nav2取消の完了だけを待って停止する構成にはしない。bridgeは入力断で最後の非中立指令を保持しない。"", ""D19"": ""設計案。ESP32状態への依存は追加しない""}",4,未決,設計案。ESP32状態への依存は追加しない,原文の未決・草案表記,"[""基本仕様!D19""]"
基本仕様,20,"{""A20"": ""S-19"", ""B20"": ""XT-32障害物"", ""C20"": ""XT-32点群を独立した障害物処理へ分岐し、自己位置推定の元点群は変更しない。今回対象は地面・車体除去等による幾何障害物。Nav2 costmapで計画・追従に反映。車両意味分類・追跡・横断判断は後工程。"", ""D20"": ""利用者要望を受けた設計案／REF-03""}",4,未決,利用者要望を受けた設計案／REF-03,原文の未決・草案表記,"[""基本仕様!D20""]"
基本仕様,21,"{""A21"": ""S-20"", ""B21"": ""XT-32観測の限界"", ""C21"": ""高所取付では低い障害物や近傍に死角があり、点群未検出だけでは空間が安全とは分からない。実取付で可視範囲、低物体、坂道、路面、遮蔽を試験する。観測外を強制的にfreeへ変更する処理を設けない。"", ""D21"": ""設計上の制約。実車検証は未実施""}",4,未決,設計上の制約。実車検証は未実施,確定の明示なし,"[""基本仕様!D21""]"
基本仕様,22,"{""A22"": ""S-21"", ""B22"": ""TFと時刻"", ""C22"": ""autonomousではGlobal localizationだけがmap→odom、local_odometryだけがodom→base_linkを発行。センサ固定TFは一つの所有者。計測stamp・単位・frameを保存。ROS時刻と受信経過時間を混同しない。"", ""D22"": ""設計案／REF-06""}",4,未決,設計案／REF-06,原文の未決・草案表記,"[""基本仕様!D22""]"
基本仕様,23,"{""A23"": ""S-22"", ""B23"": ""分離試験"", ""C23"": ""実機、bag再生、stubは起動プロファイルとして切替。missionはNavigation stub、Navigationは仮想odomとcostmap、制御器は速度入力、bridgeは送信先stubで試験。試験用IFを本番指令と同時に発行しない。"", ""D23"": ""デバッグ要望に対する設計案""}",4,未決,デバッグ要望に対する設計案,原文の未決・草案表記,"[""基本仕様!D23""]"
基本仕様,24,"{""A24"": ""S-23"", ""B24"": ""再生の用途"", ""C24"": ""bagは観測・推定・障害物処理の再現に使う。固定bagのodomは新しい操舵指令に反応しないため、閉ループ走行の検証はシミュレータ・応答stubまたは実車で行う。"", ""D24"": ""開発検証上の区別""}",4,未決,開発検証上の区別,確定の明示なし,"[""基本仕様!D24""]"
基本仕様,25,"{""A25"": ""S-24"", ""B25"": ""未確定の扱い"", ""C25"": ""採用ROS 2/Nav2版、推定方式、通信形式、校正値・timeout・到達閾値は未確定。仕様案と利用者確定事項を区別し、未決事項を解消してから実装仕様を固定する。実装・実車試験済みとは表示しない。"", ""D25"": ""この版の確定範囲""}",4,未決,この版の確定範囲,確定事項を含むが未決条件も併記,"[""基本仕様!D25""]"
データ契約,1,"{""A1"": ""ID"", ""B1"": ""型・設定"", ""C1"": ""項目と意味"", ""D1"": ""検証・不変条件"", ""E1"": ""状態""}",5,未決,,確定の明示なし,[]
データ契約,2,"{""A2"": ""D-01"", ""B2"": ""MapManifest（保存YAML案）"", ""C2"": ""schema_version、map_id、revision、frame_id、localization_map_uri、nav2_map_yaml_uri、mapping_to_map、生成条件・checksum。"", ""D2"": ""全成果物を一つのmap基準に関連付ける。位置推定地図と2D地図の原点・尺度・姿勢を検証。ファイル途中書込を完成版にしない。"", ""E2"": ""草案／形式未固定""}",5,未決,草案／形式未固定,原文の未決・草案表記,"[""データ契約!E2""]"
データ契約,3,"{""A3"": ""D-02"", ""B3"": ""Route（保存YAML案）"", ""C3"": ""schema_version、route_id、revision、map_id、map_revision、frame_id、waypoint_radius_default_m=5.0、steps。半径用途はQ-12。"", ""D3"": ""参照地図一致、空経路拒否、step_id一意、順序明示。run内は版固定。線の周囲5 mという解釈は禁止。"", ""E3"": ""草案／中心と5 m確定""}",5,未決,草案／中心と5 m確定,確定事項を含むが未決条件も併記,"[""データ契約!E3""]"
データ契約,4,"{""A4"": ""D-03"", ""B4"": ""RouteStep"", ""C4"": ""step_id、pose（x,y,yaw）、kind=pass|stop、incoming_mode=plan|reference_path、max_speed_mps、reference_path、tolerance_profile_id。半径の点別上書きは案。"", ""D4"": ""速度は有限かつ正、実車上限以下。stopはkindで表す。前stepから当stepへの属性。step 0進入にも指定。"", ""E4"": ""草案""}",5,未決,草案,原文の未決・草案表記,"[""データ契約!E4""]"
データ契約,5,"{""A5"": ""D-04"", ""B5"": ""ReferencePath"", ""C5"": ""frame_id=map、順序付きpose列。元の人間指定線と編集版を保持。"", ""D5"": ""空・不連続・座標不一致・急角度・走行不能曲率を検査。補間方式と点間隔はQ-06。滑らか化で許容外へ出ない。"", ""E5"": ""草案""}",5,未決,草案,原文の未決・草案表記,"[""データ契約!E5""]"
データ契約,6,"{""A6"": ""D-05"", ""B6"": ""waypoint半径と線の関係"", ""C6"": ""5 mの中心は各waypoint。通過達成半径なのか迂回範囲だけなのかはQ-12。停止点の位置許容とは区別する案。"", ""D6"": ""円が重なる場合も複数点を同時に消化しない順序条件が必要。離れた円同士の間を通行禁止とする等の推測をしない。"", ""E6"": ""用途確認中""}",5,未決,用途確認中,原文の未決・草案表記,"[""データ契約!E6""]"
データ契約,7,"{""A7"": ""D-06"", ""B7"": ""MissionControl.srv案"", ""C7"": ""request: request_id、expected_run_id、expected_state_revision、command、route_id/revision（start）、pc_mode（set_mode）。response: accepted、reason_code、message、run_id、state_revision。"", ""D7"": ""command=start|pause|resume|retry|cancel|set_mode。受付と完了は別。重複request_idは二重実行せず同じ結果。run/state不一致は拒否。"", ""E7"": ""独自型提案""}",5,未決,独自型提案,原文の未決・草案表記,"[""データ契約!E7""]"
データ契約,8,"{""A8"": ""D-07"", ""B8"": ""MissionState.msg案"", ""C8"": ""stamp、run_id、state_revision、pc_mode、state、route_id/revision、map_id/revision、current_step_id、step_phase、active_section_id、stop_reason、last_request_id、error_code。"", ""D8"": ""進行の正本はmission_manager。状態の読み直しでmonitor再接続可能。PC設定と実車操作主体を混同しない。"", ""E8"": ""独自型提案""}",5,未決,独自型提案,原文の未決・草案表記,"[""データ契約!E8""]"
データ契約,9,"{""A9"": ""D-08"", ""B9"": ""ExecuteSection.action案"", ""C9"": ""goal: run_id、section_id、map版、未達steps、最高速度と方式、必要reference_path/radius。feedback: active_step_id、通過イベント、実行phase。result: status、completed_step_ids、failed_step_id、reason。"", ""D9"": ""一度にactive goalは1個。run/section/goal UUIDを突合。cancel完了前に別goalを走らせない。停止点を越える範囲を受理しない。"", ""E9"": ""独自型提案""}",5,未決,独自型提案,原文の未決・草案表記,"[""データ契約!E9""]"
データ契約,10,"{""A10"": ""D-09"", ""B10"": ""通過イベント"", ""C10"": ""step_id、stamp、pose、判定条件ID、event_sequence。"", ""D10"": ""Navigationが幾何的通過を通知しmissionが順序を照合して確定。重複は無視。後方の点を先に達成しない。成功resultがあっても通過証拠欠落なら完了扱いしない。"", ""E10"": ""草案""}",5,未決,草案,原文の未決・草案表記,"[""データ契約!E10""]"
データ契約,11,"{""A11"": ""D-10"", ""B11"": ""MotionEnable.msg案"", ""C11"": ""stamp、valid_for、run_id、motion_epoch、enabled、reason。"", ""D11"": ""停止・故障後は新epochで再許可。gateは過去のcacheを破棄し、再許可後に生成された新鮮な指令だけ通す。permission単独回復で発進しない案。"", ""E11"": ""独自型提案""}",5,未決,独自型提案,原文の未決・草案表記,"[""データ契約!E11""]"
データ契約,12,"{""A12"": ""D-11"", ""B12"": ""SafetyPermission.msg案"", ""C12"": ""stamp、valid_for、allowed、reason_codes、profile_id。"", ""D12"": ""PC必須機能の健全性だけ。ESP32状態通知は不要。期限切れは不許可。復旧後の再発進条件はmissionが管理。"", ""E12"": ""独自型提案""}",5,未決,独自型提案,原文の未決・草案表記,"[""データ契約!E12""]"
データ契約,13,"{""A13"": ""D-12"", ""B13"": ""JoystickCommand.msg案"", ""C13"": ""stamp、valid_for、forward、turn。forward/turnは[-1,1]の正規化値、0は中立というPC契約案。"", ""D13"": ""物理電圧・符号・deadbandはbridge/制御校正で変換。非有限・範囲外は拒否。control出力とvehicle出力は別topic。"", ""E13"": ""独自型提案／符号未確定""}",5,未決,独自型提案／符号未確定,原文の未決・草案表記,"[""データ契約!E13""]"
データ契約,14,"{""A14"": ""D-13"", ""B14"": ""EstimatorStatus.msg案"", ""C14"": ""stamp、source_stamp、estimator_id、state（initializing|valid|invalid）、reason、map_id/revision（global）、quality metrics。"", ""D14"": ""アルゴリズムに品質指標がない場合は仮の高信頼値を作らない。valid条件はQ-02。更新があっても元観測が古ければstale。"", ""E14"": ""独自型提案""}",5,未決,独自型提案,原文の未決・草案表記,"[""データ契約!E14""]"
データ契約,15,"{""A15"": ""D-14"", ""B15"": ""SystemStatus.msg案"", ""C15"": ""stamp、mission要約、PC診断一覧、推定速度・時刻、記録状態、取得不可項目一覧。"", ""D15"": ""実車Auto/Manual・非常停止・電池はunknown。集約topicは表示用でgateの許可根拠にしない。"", ""E15"": ""独自型提案""}",5,未決,独自型提案,原文の未決・草案表記,"[""データ契約!E15""]"
データ契約,16,"{""A16"": ""D-15"", ""B16"": ""navigation/cmd_vel"", ""C16"": ""geometry_msgs/TwistStampedをPC公開契約とする案。base_link、linear.x m/s、angular.z rad/s。"", ""D16"": ""横移動linear.yは許可せず有効自由度を検証。Nav2採用版のTwist/TwistStamped差はNavigation内で吸収。stampの由来を記録。"", ""E16"": ""版確定後に固定""}",5,確定,版確定後に固定,原文の確定表記,"[""データ契約!E16""]"
データ契約,17,"{""A17"": ""D-16"", ""B17"": ""speed_limit"", ""C17"": ""Nav2 SpeedLimitのpercentage=falseで区間の最高速度を反映。内部の制約所有者を一つにする。"", ""D17"": ""値0は無制限。stopではmotion_enable=falseと中立執行。区間境界へ入る前の減速を別途検証。外部publisherとの競合禁止。"", ""E17"": ""標準型／REF-04""}",5,未決,標準型／REF-04,確定の明示なし,"[""データ契約!E17""]"
データ契約,18,"{""A18"": ""D-17"", ""B18"": ""TF所有権"", ""C18"": ""map→odom: Global_localization。odom→base_link: local_odometry。base_link→sensor: 固定TF供給。"", ""D18"": ""map作成SLAMと本走行推定器の同時発行禁止。topic remapはframe_idを書き換えない。replayでは発行元をプロファイルで一つにする。"", ""E18"": ""草案／REF-06""}",5,未決,草案／REF-06,原文の未決・草案表記,"[""データ契約!E18""]"
データ契約,19,"{""A19"": ""D-18"", ""B19"": ""PointCloud2契約"", ""C19"": ""sensor stampとframeを保持。x/y/z、必要ならintensity・point time。point timeの単位・基準はdriverと推定器で照合。"", ""D19"": ""障害物処理の入力は元点群。地面除去と車体除去を記録可能にし、Nav2入力の欠落・処理遅延を区別する。"", ""E19"": ""センサ項目未確認""}",5,未決,センサ項目未確認,確定の明示なし,"[""データ契約!E19""]"
データ契約,20,"{""A20"": ""D-19"", ""B20"": ""costmapの観測更新"", ""C20"": ""markingは観測障害物、clearingは実センサ原点から確認できるrayに限定。voxel/obstacle設定を明示。"", ""D20"": ""空点群や観測外をfreeで塗らない。古い障害物を自動消去する条件と観測stale時の停止を別管理。地面除去後のclearing範囲も試験。"", ""E20"": ""方式・値未確定""}",5,未決,方式・値未確定,原文の未決・草案表記,"[""データ契約!E20""]"
データ契約,21,"{""A21"": ""D-20"", ""B21"": ""区間の通行制約"", ""C21"": ""明示的な許可領域が決まった場合、Navigation内でNav2 keepout等へ反映する案。今回の5 mから線状マスクを自動導出するとは確定しない。"", ""D21"": ""制約を使う場合はglobal/localの両方へ同じ版を適用してから移動。元地図の禁止領域を緩めない。"", ""E21"": ""幾何仕様Q-12の後に確定""}",5,未決,幾何仕様Q-12の後に確定,確定事項を含むが未決条件も併記,"[""データ契約!E21""]"
データ契約,22,"{""A22"": ""D-21"", ""B22"": ""時刻・timeout"", ""C22"": ""ROS stampはセンサ・TFの照合、ローカル単調時刻は通信途絶時間。replayはuse_sim_timeでclockを統一。"", ""D22"": ""時間巻戻り・clock停止・未来stampの許容を定義。期限切れ指令を受信時刻で新鮮に塗替えない。数値はQ-05。"", ""E22"": ""草案""}",5,未決,草案,原文の未決・草案表記,"[""データ契約!E22""]"
データ契約,23,"{""A23"": ""D-22"", ""B23"": ""永続化境界"", ""C23"": ""mapとrouteは永続。run進捗・hold phaseは少なくとも同一プロセスのpause/resumeで保持。再起動時は無条件自動復帰しない案。"", ""D23"": ""クラッシュ後復元を今回実装するかはQ-10。保存済み達成点と未処理停止点を混同しない。"", ""E23"": ""草案／復元範囲未決""}",5,未決,草案／復元範囲未決,原文の未決・草案表記,"[""データ契約!E23""]"
データ契約,24,"{""A24"": ""D-23"", ""B24"": ""設定の優先順位"", ""C24"": ""宣言済み共通default → 経路に保存した値 → 起動時検証でrunへ固定。今回radius初期値5.0以外の実車値は空欄を未確定とする。"", ""D24"": ""実行中の黙った設定変更禁止。変更は停止・取消後に新しい設定版として読込む案。未入力を0で補わない。"", ""E24"": ""草案""}",5,未決,草案,原文の未決・草案表記,"[""データ契約!E24""]"
データ契約,25,"{""A25"": ""D-24"", ""B25"": ""ログmanifest"", ""C25"": ""session_id、実行プロファイル、software/config版、map/route版、時刻源、記録topic、開始終了、欠落情報。"", ""D25"": ""再現に必要な設定を同時保存。実車指令を再生するプロファイルを標準にしない。"", ""E25"": ""草案""}",5,未決,草案,原文の未決・草案表記,"[""データ契約!E25""]"
状態遷移,1,"{""A1"": ""ID"", ""B1"": ""開始状態・契機"", ""C1"": ""実行する順序"", ""D1"": ""遷移先・保持するもの"", ""E1"": ""受入条件""}",5,未決,,確定の明示なし,[]
状態遷移,2,"{""A2"": ""ST-01"", ""B2"": ""起動"", ""C2"": ""PC出力は中立。選択profileに必要な設定・map/routeを検証。"", ""D2"": ""preparing。再起動前runから自動発進しない案。"", ""E2"": ""ESP32返信なしでもPC側準備試験可""}",5,未決,,確定の明示なし,[]
状態遷移,3,"{""A3"": ""ST-02"", ""B3"": ""preparing／初期位置指定"", ""C3"": ""初期位置要求を受理し、推定成立と必要観測・Nav2有効性を確認。"", ""D3"": ""ready。位置指定受信だけではreadyにしない。"", ""E3"": ""推定品質・TF・map版が一致""}",5,未決,,確定の明示なし,[]
状態遷移,4,"{""A4"": ""ST-03"", ""B4"": ""ready／start"", ""C4"": ""新run_id。未達stepを選択。区間方式・速度制約・goalを準備。motion epoch更新後、必要条件と新しい指令が成立してから出力を開く。"", ""D4"": ""running。active sectionは1つ。"", ""E4"": ""開始操作の重複で二つ走らない""}",5,未決,,確定の明示なし,[]
状態遷移,5,"{""A5"": ""ST-04"", ""B5"": ""running／pass成立"", ""C5"": ""Navigationのstep_id・証拠・順序を照合して進捗更新。停止なしで次の点へ。"", ""D5"": ""running。完了stepは再実行しない。"", ""E5"": ""隣接・交差・同座標の未来stepを誤消化しない""}",5,未決,,確定の明示なし,[]
状態遷移,6,"{""A6"": ""ST-05"", ""B6"": ""running／stop位置到達"", ""C6"": ""sectionを終えmotion_enable=false。odometryで位置・必要姿勢と静止継続を確認。"", ""D6"": ""stopping → hold。位置到達と停止成立を別保持。"", ""E6"": ""非ゼロ速度ならhold成立にしない""}",5,未決,,確定の明示なし,[]
状態遷移,7,"{""A7"": ""ST-06"", ""B7"": ""hold／resume"", ""C7"": ""現在停止点が停止成立済みであること、PC条件、操作run/state一致を確認。次の未達点へ移動を発行。"", ""D7"": ""running。停止点待機の解除を記録。"", ""E7"": ""自動タイマー再開はしない""}",5,未決,,確定の明示なし,[]
状態遷移,8,"{""A8"": ""ST-07"", ""B8"": ""running／pause"", ""C8"": ""直ちにmotion_enable=false、active action取消、結果確定・静止確認。取消待ち中も中立継続。"", ""D8"": ""pausing → paused。未達stepと停止点phaseを保持。"", ""E8"": ""取消応答より先に出力遮断""}",5,未決,,確定の明示なし,[]
状態遷移,9,"{""A9"": ""ST-08"", ""B9"": ""paused／resume"", ""C9"": ""前action終了、推定有効、同じmap/route版を確認。現在位置から未達区間を再構成。"", ""D9"": ""running、またはhold（未解除の停止点待機が残る場合）。"", ""E9"": ""停止手順を飛ばさない""}",5,未決,,確定の明示なし,[]
状態遷移,10,"{""A10"": ""ST-09"", ""B10"": ""running／到達失敗"", ""C10"": ""motion_enable=false、停止確認。失敗理由と未達stepを保存。"", ""D10"": ""retry_wait。自動で次点へ進まない。"", ""E10"": ""abort結果に含まれる完了点を証拠と照合""}",5,未決,,確定の明示なし,[]
状態遷移,11,"{""A11"": ""ST-10"", ""B11"": ""retry_wait／retry"", ""C11"": ""PC準備、route版、現在位置、未達stepを再検証。新section_idで同じ未達から開始。"", ""D11"": ""running。古いaction結果は無視。"", ""E11"": ""障害物が残り再失敗しても目標を飛ばさない""}",5,未決,,確定の明示なし,[]
状態遷移,12,"{""A12"": ""ST-11"", ""B12"": ""running／PC必須データ不良"", ""C12"": ""supervisor不許可でgate中立。missionはactive取消と理由保持。"", ""D12"": ""fault_wait。回復だけで自動発進しない案。"", ""E12"": ""ESP32返信欠如・後工程node不在は理由にしない""}",5,未決,,確定の明示なし,[]
状態遷移,13,"{""A13"": ""ST-12"", ""B13"": ""fault_wait／データ復旧＋retry"", ""C13"": ""復旧を確認後、人間の再試行を受理。未達点から再開。"", ""D13"": ""runningまたはpreparing（再初期化必要）。"", ""E13"": ""新鮮な観測と新sectionに限定""}",5,未決,,確定の明示なし,[]
状態遷移,14,"{""A14"": ""ST-13"", ""B14"": ""任意の実行中状態／cancel"", ""C14"": ""motion_enable=false、active取消、静止確認。runを終了。"", ""D14"": ""canceled。新しいstartまで動かない。"", ""E14"": ""cancelはpauseと区別""}",5,未決,,確定の明示なし,[]
状態遷移,15,"{""A15"": ""ST-14"", ""B15"": ""最終点到達"", ""C15"": ""位置・必要姿勢・静止継続を確認して出力中立を維持。"", ""D15"": ""completed。今回の経路完了。後工程課題の達成を意味しない。"", ""E15"": ""単なるNav2成功だけでcompletedにしない""}",5,未決,,確定の明示なし,[]
状態遷移,16,"{""A16"": ""ST-15"", ""B16"": ""running／P押下・解放"", ""C16"": ""PCには通知なし。PCは同じ推定・計画・指令送信を継続。ESP32が指令元を切替。"", ""D16"": ""PC状態は変わらない。介入での通過計上はQ-08。"", ""E16"": ""monitorは手動介入検出済みと表示しない""}",5,未決,,原文の未決・草案表記,[]
状態遷移,17,"{""A17"": ""ST-16"", ""B17"": ""active action／取消応答が来ない"", ""C17"": ""出力中立を維持しtimeoutエラー。新action発行を止める。"", ""D17"": ""fault_wait。旧goalを取り残して別goalを発行しない。"", ""E17"": ""timeout数値はQ-05""}",5,未決,,原文の未決・草案表記,[]
状態遷移,18,"{""A18"": ""ST-17"", ""B18"": ""pauseと成功が同時"", ""C18"": ""イベント処理を直列化。pause受理後は出力遮断を優先。旧goalの確定済み通過証拠だけ照合し、不明な点は未達とする。"", ""D18"": ""paused。state_revisionでUIと整合。"", ""E18"": ""遅延successで勝手に再発進しない""}",5,未決,,確定の明示なし,[]
状態遷移,19,"{""A19"": ""ST-18"", ""B19"": ""monitor再起動・通信断"", ""C19"": ""mission_stateのrun/stateを再取得。表示を復元し、未確認操作を再送する場合は同request_id。"", ""D19"": ""missionを初期化しない。HMI断時の運用はQ-10。"", ""E19"": ""表示系不在でも単体試験可能""}",5,未決,,原文の未決・草案表記,[]
状態遷移,20,"{""A20"": ""ST-19"", ""B20"": ""再開時に予定経路から離れた"", ""C20"": ""現在位置と未達点・指定線の関係を再検証。許容領域外からの復帰を許すかはQ-07/Q-12の定義に従う。"", ""D20"": ""paused/retry_waitの保持を基本案とし、黙った経路変更はしない。"", ""E20"": ""領域の定義が未確定のまま実装しない""}",5,未決,,原文の未決・草案表記,[]
状態遷移,21,"{""A21"": ""ST-20"", ""B21"": ""set_mode=manual"", ""C21"": ""PC走行要求をfalse、active goal取消。gamepad経路はESP32が担当。Autoへの変更だけでは再発進しない案。"", ""D21"": ""pausedまたはready。戻り動作はQ-10。"", ""E21"": ""PC設定と実車主体を区別""}",5,未決,,原文の未決・草案表記,[]
使用・開発検証,1,"{""A1"": ""ID"", ""B1"": ""工程・実際の操作"", ""C1"": ""使用構成・代替入力"", ""D1"": ""観察して切り分けるもの"", ""E1"": ""合格条件／未実施""}",5,未決,,確定の明示なし,[]
使用・開発検証,2,"{""A2"": ""T-01"", ""B2"": ""実機なしで起動構成を検証"", ""C2"": ""launch＋設定。bridgeはdry_run、センサ・Navigationはstub。"", ""D2"": ""topic名の解決結果、必須監視一覧、出力publisher数。"", ""E2"": ""後工程node・ESP32返信なしで対象機能を起動できる。非中立は実車送信しない。未実施。""}",5,未決,,確定の明示なし,[]
使用・開発検証,3,"{""A3"": ""T-02"", ""B3"": ""センサ個別確認"", ""C3"": ""XT-32とIMUを個別起動。TFとlogger/RVizだけ追加可能。"", ""D3"": ""元点群・IMUの時刻、軸、単位、欠測、フレーム。"", ""E3"": ""ROS時刻と計測時刻が対応し、取付変換の向きが一致。数値許容Q-05。未実施。""}",5,未決,,原文の未決・草案表記,[]
使用・開発検証,4,"{""A4"": ""T-03"", ""B4"": ""手動で地図作成"", ""C4"": ""mapping。P＋gamepadで操縦。SLAMと記録を実行。"", ""D4"": ""生センサ、SLAM軌跡、地図、欠測。NavigationとPC操舵は不要。"", ""E4"": ""戻ってきた場所で地図の不整合を評価。保存成否が区別できる。未実施。""}",5,未決,,確定の明示なし,[]
使用・開発検証,5,"{""A5"": ""T-04"", ""B5"": ""保存と整備"", ""C5"": ""停止後SLAM成果物を保存。map_creatorを実車なしで実行。"", ""D5"": ""3D地図と2D地図、原点・向き・尺度、通行不可領域。"", ""E5"": ""同じ特徴点が同じmap位置。保存失敗・部分ファイルを公開しない。未実施。""}",5,未決,,確定の明示なし,[]
使用・開発検証,6,"{""A6"": ""T-05"", ""B6"": ""waypoint編集"", ""C6"": ""map_edit。通過・停止点、最高速度、二方式、指定線、各waypoint半径設定。"", ""D6"": ""プレビュー、順序、地図版、停止点、曲率・速度。"", ""E6"": ""保存→再読込で同一。半径初期値5 mを変更できる。半径用途の試験はQ-12確定後。未実施。""}",5,未決,,原文の未決・草案表記,[]
使用・開発検証,7,"{""A7"": ""T-06"", ""B7"": ""local_odometry単体"", ""C7"": ""記録した生点群＋IMUを再生。記録済みodom TFは発行しない。"", ""D7"": ""推定速度・姿勢・共分散と元センサ。"", ""E7"": ""静止・直進・旋回・欠測を区別。Global localization、ESP32、monitor不要。未実施。""}",5,未決,,確定の明示なし,[]
使用・開発検証,8,"{""A8"": ""T-07"", ""B8"": ""Global localization単体"", ""C8"": ""保存地図＋観測＋odom。人間が初期位置・向きを指定。"", ""D8"": ""map→odom、地図重畳、品質状態、初期化受付。"", ""E8"": ""誤った初期位置で安易にvalidにしない。再初期化は停止状態で実施。未実施。""}",5,未決,,確定の明示なし,[]
使用・開発検証,9,"{""A9"": ""T-08"", ""B9"": ""XT-32障害物処理単体"", ""C9"": ""元点群から加工点群を生成。机上再生と実設置の両方。"", ""D9"": ""地面除去前後、車体除去、低い物体、センサ近傍・坂・遮蔽。"", ""E9"": ""検出可能範囲と盲点を記録。地面を障害物と誤認する／障害物を地面として消す事例を分離。未実施。""}",5,未決,,確定の明示なし,[]
使用・開発検証,10,"{""A10"": ""T-09"", ""B10"": ""Nav2 costmap単体"", ""C10"": ""静的地図＋TF＋障害物候補。実車送信なし。"", ""D10"": ""global/local costmap、marking/clearing、遅延、footprint。"", ""E10"": ""障害物を置く・除く・遮蔽する・観測を止めるケースが想定どおり。空点群を安全と誤認しない。未実施。""}",5,未決,,確定の明示なし,[]
使用・開発検証,11,"{""A11"": ""T-10"", ""B11"": ""Navigation単体の閉ループ"", ""C11"": ""ExecuteSection試験クライアント＋シミュレータまたは応答stub。"", ""D11"": ""goal受付、通過イベント、path、速度、結果。mission/ESP32不要。"", ""E11"": ""pass点で不要停止せず、stop点の先に進まない。静止bagだけを閉ループ合格根拠にしない。未実施。""}",5,未決,,確定の明示なし,[]
使用・開発検証,12,"{""A12"": ""T-11"", ""B12"": ""二方式と5 m設定の比較"", ""C12"": ""同じ始終点・障害物でNav2経路選択と指定線方式を比較。"", ""D12"": ""計画path、各waypointからの距離、通過順、指定線との偏差。"", ""E12"": ""5 mの中心がwaypoint。線全体5 mに誤変換しない。用途・迂回条件Q-12確定後に合格基準を固定。未実施。""}",5,未決,,原文の未決・草案表記,[]
使用・開発検証,13,"{""A13"": ""T-12"", ""B13"": ""最高速度の変更"", ""C13"": ""高速度区間→低速度区間、曲がり角、stop点を含む経路。"", ""D13"": ""設定速度、Nav2要求、推定速度、各境界時刻。"", ""E13"": ""境界手前で減速。速度0をSpeedLimit停止として送らない。実追従限界を記録。未実施。""}",5,未決,,確定の明示なし,[]
使用・開発検証,14,"{""A14"": ""T-13"", ""B14"": ""mission manager単体"", ""C14"": ""Navigation stubで受付・通過・成功・失敗・遅延取消を返す。"", ""D14"": ""state_revision、未達step、hold phase、motion_enable。"", ""E14"": ""pause後に未達から再開。失敗でskipなし。重複クリック・古い結果で発進しない。未実施。""}",5,未決,,確定の明示なし,[]
使用・開発検証,15,"{""A15"": ""T-14"", ""B15"": ""同一場所を複数回通過"", ""C15"": ""交差経路・折返し・同座標stepを含むRouteとpose列。"", ""D15"": ""step_id、順序、通過証拠。"", ""E15"": ""位置が同じでも未来stepを先に達成しない。P介入の計上方針はQ-08解決後確認。未実施。""}",5,未決,,原文の未決・草案表記,[]
使用・開発検証,16,"{""A16"": ""T-15"", ""B16"": ""motion controller単体"", ""C16"": ""速度要求と推定速度を与える。出力は記録先stub。"", ""D16"": ""目標速度、推定速度、正規化ジョイスティック、内部飽和・遅延。"", ""E16"": ""要求0・入力断・異常値で中立。段差入力と速度制限の影響を分離。校正値Q-03。未実施。""}",5,未決,,原文の未決・草案表記,[]
使用・開発検証,17,"{""A17"": ""T-16"", ""B17"": ""gate単体"", ""C17"": ""control要求・motion_enable・permissionを独立に変化。"", ""D17"": ""最終指令、入力鮮度、遮断理由。"", ""E17"": ""どれか無効なら中立。Nav2取消応答がなくても遮断。古いtrueや非中立が復活しない。未実施。""}",5,未決,,確定の明示なし,[]
使用・開発検証,18,"{""A18"": ""T-17"", ""B18"": ""bridge単体"", ""C18"": ""transport stubで通信形式・遅延・切断・再接続を再現。"", ""D18"": ""入力正規化値、送信byte列、送信時刻、PC診断。"", ""E18"": ""ESP32返信なしで送信継続。入力断で中立。再接続で古いbufferを流さない。既存形式Q-03。未実施。""}",5,未決,,原文の未決・草案表記,[]
使用・開発検証,19,"{""A19"": ""T-18"", ""B19"": ""既存ESP32動作確認"", ""C19"": ""既存PC通信とP操作を実機で確認。実装変更なし。"", ""D19"": ""P押下／解放時出力、PC指令断、Bluetooth断。"", ""E19"": ""説明された動作と一致。watchdogの実測時間・切断時P状態を記録。未実施。""}",5,未決,,確定の明示なし,[]
使用・開発検証,20,"{""A20"": ""T-19"", ""B20"": ""最小自律走行"", ""C20"": ""実機profile、保存地図、初期位置指定、短い経路で開始。"", ""D20"": ""推定→Nav2→変換→gate→bridgeを同じ時系列で観察。"", ""E20"": ""点列を順に通り停止点で待つ。未実装カメラ・ESP32状態返信に依存しない。未実施。""}",5,未決,,確定の明示なし,[]
使用・開発検証,21,"{""A21"": ""T-20"", ""B21"": ""一時停止と再開"", ""C21"": ""移動途中でpause、停止点手前でpause、hold中操作を試す。"", ""D21"": ""取消、静止確認、未達step、再開先。"", ""E21"": ""未達点を飛ばさず再開。未解除のstopを飛ばさない。停止不成立時は成立と表示しない。未実施。""}",5,未決,,確定の明示なし,[]
使用・開発検証,22,"{""A22"": ""T-21"", ""B22"": ""失敗と復旧"", ""C22"": ""経路閉塞・TF欠落・点群停止・process停止を別々に発生。"", ""D22"": ""原因別診断、permission、最終PC出力、retry_wait/fault_wait。"", ""E22"": ""失敗で停止・操作待ち。情報復旧だけで自動発進しない案を検証。未実施。""}",5,未決,,確定の明示なし,[]
使用・開発検証,23,"{""A23"": ""T-22"", ""B23"": ""Pによる介入"", ""C23"": ""Auto走行中にPで位置を変え、解放する。"", ""D23"": ""PC処理継続、現在位置からの計画、PC表示と実車の差。"", ""E23"": ""P解放で最新PC指令へ戻る。介入中の通過計上と許容範囲外復帰は方針確定後検証。未実施。""}",5,未決,,確定の明示なし,[]
使用・開発検証,24,"{""A24"": ""T-23"", ""B24"": ""HMIと記録の切離し"", ""C24"": ""monitor/loggerを停止・再起動。必要ならCLI操作。"", ""D24"": ""mission継続、再接続状態、ログ欠損の表示。"", ""E24"": ""表示・記録を経由しない制御経路。HMI断時運用はQ-10で確定。未実施。""}",5,未決,,原文の未決・草案表記,[]
使用・開発検証,25,"{""A25"": ""T-24"", ""B25"": ""完了・終了"", ""C25"": ""最終点で停止成立を確認し、mission終了後にnodeを停止。"", ""D25"": ""最終位置、静止継続、PC中立、終了結果。"", ""E25"": ""完了後に旧指令が出ない。停止確認不能は完了扱いしない。未実施。""}",5,未決,,確定の明示なし,[]
使用・開発検証,26,"{""A26"": ""T-25"", ""B26"": ""別namespaceで同時試験"", ""C26"": ""robot_namespaceをgouda_testに変更。実車系とは隔離。"", ""D26"": ""解決後topic/action名、TF接続、設定参照。"", ""E26"": ""名前をハードコードせず接続でき、試験指令が実車系へ混入しない。未実施。""}",5,未決,,確定の明示なし,[]
未決事項,1,"{""A1"": ""ID"", ""B1"": ""確認する内容"", ""C1"": ""現在の仕様案・不足情報"", ""D1"": ""決める時期・影響""}",4,未決,,確定の明示なし,[]
未決事項,2,"{""A2"": ""Q-01"", ""B2"": ""ROS 2・Nav2の採用版"", ""C2"": ""利用版未指定。NavigateThroughPosesのgoal/feedback、cmd_vel型、BT pluginの差を採用版で照合。特定ディストリビューションを勝手に採用しない。"", ""D2"": ""interface生成・Nav2設定を実装する前""}",4,未決,,原文の未決・草案表記,[]
未決事項,3,"{""A3"": ""Q-02"", ""B3"": ""自己位置推定の方式・成立条件"", ""C3"": ""地図作成はGLIM。走行時local_odometryとGlobal localizationのアルゴリズム・版は未確定。初期位置は人間指定。品質・収束・再初期化条件を決める。"", ""D3"": ""推定器実装前。外部入出力は先に固定可能""}",4,未決,,原文の未決・草案表記,[]
未決事項,4,"{""A4"": ""Q-03"", ""B4"": ""既存車両通信と制御校正"", ""C4"": ""ESP32のプロトコル、パケット、送信周期、watchdog時間、DAC中立・符号・レンジ・遅延が未提示。既存コードを勝手に推定しない。"", ""D4"": ""bridge・motion controller実装前""}",4,未決,,原文の未決・草案表記,[]
未決事項,5,"{""A5"": ""Q-04"", ""B5"": ""XT-32の取付と可視範囲"", ""C5"": ""高さ・姿勢・車体遮蔽・検出したい最小障害物・地面形状を計測。今回の幾何障害物処理の方式と検出範囲を定義。"", ""D5"": ""障害物処理と実車走行の評価前""}",4,未決,,原文の未決・草案表記,[]
未決事項,6,"{""A6"": ""Q-05"", ""B6"": ""数値パラメータと時間契約"", ""C6"": ""各周期・受信timeout・TF許容時間・停止速度閾値・静止時間・取消期限は未確定。受信処理・制御・通信の実測と停止距離から決定。仮の0や慣例値を確定値にしない。"", ""D6"": ""該当機能の実装前に設計値、試験で校正""}",4,未決,,原文の未決・草案表記,[]
未決事項,7,"{""A7"": ""Q-06"", ""B7"": ""車体・経路・通過の幾何条件"", ""C7"": ""footprint、最大速度/角速度/加減速、未知領域の扱い、pass半径、stop位置/姿勢許容、曲率、線補間、進入判定、許容領域境界で車体全体を見る条件。5 mを通過判定へ使うかはQ-12で確認中。"", ""D7"": ""Nav2設定・経路検証の実装前""}",4,未決,,原文の未決・草案表記,[]
未決事項,8,"{""A8"": ""Q-07"", ""B8"": ""指定線への追従と迂回方式"", ""C8"": ""二方式は採用。指定線へ戻る/沿う優先度、点間で許容する迂回範囲、そのNav2 planner/controller構成は未選定。各waypoint半径5 mと線全体の幅を混同しない。"", ""D8"": ""Q-12回答後に仕様化。実装は未着手""}",4,未決,,原文の未決・草案表記,[]
未決事項,9,"{""A9"": ""Q-08"", ""B9"": ""P介入で通った点の扱い"", ""C9"": ""PCは介入を検出せず処理継続する方針は確定。P操作で通過した点も同じ幾何条件で達成計上するかは前の確認に未回答。見えない介入を自動判別する仕様は追加しない。"", ""D9"": ""mission通過判定・介入試験前に利用者確認""}",4,未決,,原文の未決・草案表記,[]
未決事項,10,"{""A10"": ""Q-09"", ""B10"": ""Bluetooth切断時のP状態"", ""C10"": ""既存実装は切断時に追加処理なし。押下中に切れるとP状態・DACがどうなるかは未確認。今回実装変更せず、現在挙動を確認する。"", ""D10"": ""既存動作確認。PC状態通知追加とは別""}",4,未決,,原文の未決・草案表記,[]
未決事項,11,"{""A11"": ""Q-10"", ""B11"": ""mode・再起動・HMI断の運用"", ""C11"": ""Manual遷移で取消、Auto復帰は明示開始/再開、クラッシュ後は自動復元しない、HMI/logger断は制御の直接停止条件にしない案。停止点の最終点例外、領域外からの復帰も確認対象。"", ""D11"": ""状態遷移の実装前に利用者レビュー""}",4,未決,,原文の未決・草案表記,[]
未決事項,12,"{""A12"": ""Q-11"", ""B12"": ""補助構成と独自IFの採用"", ""C12"": ""TF所有者としてrobot_state_publisher行を提案。固定TF供給方式、保存形式、ExecuteSection等の独自型は仕様案であり採用確定ではない。"", ""D12"": ""実装開始前にレビュー。新たな実機依存はない""}",4,未決,,原文の未決・草案表記,[]
未決事項,13,"{""A13"": ""Q-12"", ""B13"": ""waypoint半径5 mの用途"", ""C13"": ""中心は各waypointで確定。「中心から5 m以内なら通過済み」か「迂回範囲で通過判定は別」かを確認中。停止点の許容は別設定案。線状5 m領域案は撤回。"", ""D13"": ""回答後に通過判定・区間計画の契約へ反映""}",4,未決,,原文の未決・草案表記,[]
未決事項,14,"{""A14"": ""Q-13"", ""B14"": ""後工程の保留"", ""C14"": ""カメラ配置、信号・白線・道路端、他ロボット/車両追跡、課題E最初の遭遇・報告は後工程で相談。今回の完了条件に含めない。"", ""D14"": ""カメラ等のハードウェア実装後""}",4,未決,,原文の未決・草案表記,[]
参照・変更記録,1,"{""A1"": ""ID"", ""B1"": ""資料・変更"", ""C1"": ""用途と適用範囲"", ""D1"": ""参照先""}",4,未決,,確定の明示なし,[]
参照・変更記録,2,"{""A2"": ""REF-01"", ""B2"": ""利用者との設計確認"", ""C2"": ""2026-10-05までの本チャット。参加範囲、P優先・解放、ESP32非依存、Nav2、停止/再試行、手動初期位置、区間最高速度、各waypoint中心の半径5 mを根拠とする。"", ""D2"": ""本チャット。大会公式条件の再検証は今回対象外。""}",4,未決,,確定の明示なし,[]
参照・変更記録,3,"{""A3"": ""REF-02"", ""B3"": ""ROS 2 Topic and Service Names"", ""C3"": ""相対名はnode namespaceで解決。絶対名をコードへ固定しない。TFのframe_idとは別。"", ""D3"": ""https://design.ros2.org/articles/topic_and_service_names.html""}",4,未決,,確定の明示なし,[]
参照・変更記録,4,"{""A4"": ""REF-03"", ""B4"": ""Nav2 Voxel Layer"", ""C4"": ""PointCloud2を観測入力にできる。地面除去、sensor原点、marking/clearing、鮮度は別途設定・検証が必要。"", ""D4"": ""https://docs.nav2.org/rolling/configuration_and_development/configuration_guide/core_servers/costmap_2d/costmap_plugins/voxel/""}",4,未決,,確定の明示なし,[]
参照・変更記録,5,"{""A5"": ""REF-04"", ""B5"": ""Nav2 Speed Filter"", ""C5"": ""SpeedLimit値0は速度無制限を意味する。停止動作を速度0設定で代替しない。"", ""D5"": ""https://docs.nav2.org/jazzy/configuration_and_development/configuration_guide/core_servers/costmap_2d/costmap_filters/speed_filter/""}",4,未決,,確定の明示なし,[]
参照・変更記録,6,"{""A6"": ""REF-05"", ""B6"": ""Nav2 Navigate Through Poses"", ""C6"": ""途中点を通る移動の標準構成。既定BTにはretry/recoveryがあるため今回の失敗時操作待ちに合わせて選別する。採用版は未定。"", ""D6"": ""https://docs.nav2.org/jazzy/getting_started/nav2_behavior_trees/trees/nav_through_poses_recovery/""}",4,未決,,原文の未決・草案表記,[]
参照・変更記録,7,"{""A7"": ""REF-06"", ""B7"": ""Nav2 Setting Up Transformations"", ""C7"": ""map→odom、odom→base_link、車体→センサのTFを分担し、同じ変換の二重発行を避ける。"", ""D7"": ""https://docs.nav2.org/rolling/configuration_and_development/first_time_robot_setup_guide/transformation/setup_transforms/""}",4,未決,,確定の明示なし,[]
参照・変更記録,8,"{""A8"": ""REF-07"", ""B8"": ""Nav2 Jazzy to Kilted"", ""C8"": ""NavigateThroughPosesのgoal構造やwaypoint状態通知等に版差がある。採用版確定前にIDLを固定しない。"", ""D8"": ""https://docs.nav2.org/rolling/configuration_and_development/migration_guides/jazzy/Jazzy/""}",4,未決,,確定の明示なし,[]
参照・変更記録,9,"{""A9"": ""CH-01"", ""B9"": ""元の詳細設計仕様書"", ""C9"": ""既存5シートの名称・順序・列構成・モジュール番号を維持して統合。仕様詳細6シートを末尾へ追加。M-037は追加承認済み、M-038はTF所有者の提案。"", ""D9"": ""添付のGouda_architecture_detail.xlsxを基準に統合。入力ファイルは保持。""}",4,未決,,原文の未決・草案表記,[]
参照・変更記録,10,"{""A10"": ""CH-02"", ""B10"": ""概念図との相違"", ""C10"": ""drawioにlocal_odometry・mission_managerが未記載。ESP32非常停止検知線は現状取得不能という利用者説明を優先。図のheartbeatやmap/waypoint依存をすべて実行必須にはしない。"", ""D10"": ""SystemArchitecture.drawio（参照のみ。編集していない）""}",4,未決,,確定の明示なし,[]
参照・変更記録,11,"{""A11"": ""CH-03"", ""B11"": ""保存と実装状態"", ""C11"": ""この版は仕様レビュー用。ロボットコード・launch・ROS型の実装は行っていない。検証シートは今後の受入試験で、実施済み結果ではない。"", ""D11"": ""2026-10-05／仕様案""}",4,未決,,確定の明示なし,[]
参照・変更記録,12,"{""A12"": ""CH-04"", ""B12"": ""定義Status"", ""C12"": ""利用者確認済みの振舞いと、具体的なROS契約・閾値の確定は別。全体を一括で確定扱いにしない。"", ""D12"": ""基本仕様の区分と未決事項を参照""}",4,未決,,原文の未決・草案表記,[]
参照・変更記録,13,"{""A13"": ""REF-08"", ""B13"": ""Nav2 Keepout Zones"", ""C13"": ""通行禁止領域を使う場合にglobal/localの両costmapへ反映するための参考。5 mの解釈や今回の領域形状をこの資料から決めない。"", ""D13"": ""https://docs.nav2.org/rolling/tutorials/general_tutorials/navigation2_with_keepout_filter/navigation2_with_keepout_filter/""}",4,未決,,確定の明示なし,[]
